scenario_id,civilization_type,population_level,environment,round,population,tech_level,stability,happiness,env_degradation,conflict_count
S001,掠夺文明,小型部落,贫瘠位面,1,10.37,1.0023,0.6703,0.5308,0.0,0
S001,掠夺文明,小型部落,贫瘠位面,11,14.4,1.0283,0.2788,0.6241,0.0,0
S001,掠夺文明,小型部落,贫瘠位面,21,18.06,1.0529,0.0,0.6702,0.0,6
S001,掠夺文明,小型部落,贫瘠位面,31,21.99,1.0831,0.0108,0.7028,0.0,13
S001,掠夺文明,小型部落,贫瘠位面,41,26.9,1.1218,0.0085,0.7021,0.0,20
S001,掠夺文明,小型部落,贫瘠位面,51,32.91,1.1689,0.0206,0.7058,0.0,27
S001,掠夺文明,小型部落,贫瘠位面,61,41.4,1.2235,0.0,0.7033,0.0,31
S001,掠夺文明,小型部落,贫瘠位面,71,49.97,1.2846,0.0053,0.7012,0.0,39
S001,掠夺文明,小型部落,贫瘠位面,81,60.95,1.3537,0.0056,0.7016,0.0,47
S001,掠夺文明,小型部落,贫瘠位面,91,74.29,1.4308,0.0231,0.7062,0.0,54
S001,掠夺文明,小型部落,贫瘠位面,101,94.34,1.5149,0.0,0.7004,0.0,58
S001,掠夺文明,小型部落,贫瘠位面,111,118.58,1.6064,0.0167,0.7043,0.0,63
S001,掠夺文明,小型部落,贫瘠位面,121,149.17,1.708,0.0117,0.7033,0.0,69
S001,掠夺文明,小型部落,贫瘠位面,131,171.08,1.8194,0.0134,0.7033,0.0,76
S001,掠夺文明,小型部落,贫瘠位面,141,208.59,1.9446,0.0348,0.7096,0.0,81
S001,掠夺文明,小型部落,贫瘠位面,151,246.31,2.0818,0.0129,0.7043,0.0,89
S001,掠夺文明,小型部落,贫瘠位面,161,292.29,2.232,0.0455,0.7127,0.0,95
S001,掠夺文明,小型部落,贫瘠位面,171,377.78,2.3978,0.1221,0.7356,0.0,99
S001,掠夺文明,小型部落,贫瘠位面,181,465.06,2.5808,0.1304,0.7381,0.0,106
S001,掠夺文明,小型部落,贫瘠位面,191,603.16,2.7849,0.119,0.7372,0.0,110
S001,掠夺文明,小型部落,贫瘠位面,201,789.12,3.0032,0.1422,0.7416,0.0001,114
S001,掠夺文明,小型部落,贫瘠位面,211,954.18,3.2401,0.0263,0.7051,0.0106,122
S001,掠夺文明,小型部落,贫瘠位面,221,1075.77,3.4984,0.0097,0.6921,0.039,129
S001,掠夺文明,小型部落,贫瘠位面,231,1336.51,3.7903,0.1075,0.708,0.0848,135
S001,掠夺文明,小型部落,贫瘠位面,241,1518.35,4.1135,0.0209,0.6609,0.1598,142
S001,掠夺文明,小型部落,贫瘠位面,251,1520.84,4.4826,0.0317,0.6377,0.2489,150
S001,掠夺文明,小型部落,贫瘠位面,261,1518.64,4.9066,0.0202,0.6038,0.3525,156
S001,掠夺文明,小型部落,贫瘠位面,271,1678.74,5.3809,0.0686,0.5819,0.4779,163
S001,掠夺文明,小型部落,贫瘠位面,281,1930.04,5.9031,0.066,0.5354,0.6428,169
S001,掠夺文明,小型部落,贫瘠位面,291,2043.19,6.479,0.016,0.4582,0.8516,176
S001,掠夺文明,小型部落,贫瘠位面,301,1846.75,7.157,0.0,0.4025,1.0,185
S001,掠夺文明,小型部落,贫瘠位面,311,1749.23,7.975,0.0568,0.4161,1.0,194
S001,掠夺文明,小型部落,贫瘠位面,321,1780.73,8.9134,0.0425,0.4118,1.0,199
S001,掠夺文明,小型部落,贫瘠位面,331,1881.16,9.9693,0.0806,0.4235,1.0,205
S001,掠夺文明,小型部落,贫瘠位面,341,1955.84,11.1571,0.04,0.4118,1.0,210
S001,掠夺文明,小型部落,贫瘠位面,351,2102.08,12.4986,0.0416,0.413,1.0,215
S001,掠夺文明,小型部落,贫瘠位面,361,2196.46,14.0213,0.0422,0.4155,1.0,221
S001,掠夺文明,小型部落,贫瘠位面,371,2116.88,15.8557,0.0497,0.414,1.0,230
S001,掠夺文明,小型部落,贫瘠位面,381,1854.62,18.0887,0.007,0.4016,1.0,236
S001,掠夺文明,小型部落,贫瘠位面,391,1704.88,20.9237,0.0,0.4007,1.0,242
S001,掠夺文明,小型部落,贫瘠位面,401,1593.19,24.3878,0.0,0.401,1.0,248
S001,掠夺文明,小型部落,贫瘠位面,411,1522.83,28.6019,0.007,0.4017,1.0,257
S001,掠夺文明,小型部落,贫瘠位面,421,1591.08,33.7282,0.0204,0.4057,1.0,266
S001,掠夺文明,小型部落,贫瘠位面,431,1633.29,39.9266,0.0568,0.4161,1.0,273
S001,掠夺文明,小型部落,贫瘠位面,441,1600.94,47.59,0.0424,0.4118,1.0,280
S001,掠夺文明,小型部落,贫瘠位面,451,1602.92,57.6166,0.0496,0.414,1.0,287
S001,掠夺文明,小型部落,贫瘠位面,461,1668.87,70.1856,0.0211,0.4055,1.0,293
S001,掠夺文明,小型部落,贫瘠位面,471,1722.35,87.1202,0.0533,0.4151,1.0,300
S001,掠夺文明,小型部落,贫瘠位面,481,1799.2,110.3561,0.1271,0.4372,1.0,307
S001,掠夺文明,小型部落,贫瘠位面,491,1997.91,143.6573,0.1062,0.4311,1.0,312
S002,掠夺文明,小型部落,普通位面,1,10.39,1.0023,0.6703,0.5308,0.0,0
S002,掠夺文明,小型部落,普通位面,11,14.54,1.0288,0.5156,0.8544,0.0,0
S002,掠夺文明,小型部落,普通位面,21,19.95,1.0677,0.5547,0.8658,0.0,0
S002,掠夺文明,小型部落,普通位面,31,27.6,1.1203,0.4329,0.8312,0.0,0
S002,掠夺文明,小型部落,普通位面,41,37.01,1.1802,0.3953,0.8178,0.0,2
S002,掠夺文明,小型部落,普通位面,51,48.16,1.2474,0.2336,0.7695,0.0,7
S002,掠夺文明,小型部落,普通位面,61,61.17,1.3209,0.0331,0.7139,0.0,12
S002,掠夺文明,小型部落,普通位面,71,74.93,1.3973,0.0,0.7006,0.0,20
S002,掠夺文明,小型部落,普通位面,81,93.09,1.48,0.0114,0.7028,0.0,27
S002,掠夺文明,小型部落,普通位面,91,116.03,1.5703,0.0171,0.7045,0.0,34
S002,掠夺文明,小型部落,普通位面,101,143.68,1.6703,0.0119,0.7031,0.0,42
S002,掠夺文明,小型部落,普通位面,111,169.55,1.7797,0.0,0.7006,0.0,51
S002,掠夺文明,小型部落,普通位面,121,202.54,1.8998,0.0132,0.7034,0.0,60
S002,掠夺文明,小型部落,普通位面,131,211.77,2.0354,0.0,0.7025,0.0,70
S002,掠夺文明,小型部落,普通位面,141,243.18,2.1906,0.0628,0.7177,0.0,77
S002,掠夺文明,小型部落,普通位面,151,255.21,2.3587,0.0,0.7009,0.0,87
S002,掠夺文明,小型部落,普通位面,161,259.18,2.5482,0.0,0.7002,0.0,95
S002,掠夺文明,小型部落,普通位面,171,264.14,2.7693,0.0231,0.7058,0.0,103
S002,掠夺文明,小型部落,普通位面,181,268.34,3.0094,0.0115,0.7027,0.0,111
S002,掠夺文明,小型部落,普通位面,191,323.22,3.2704,0.0688,0.7193,0.0,118
S002,掠夺文明,小型部落,普通位面,201,404.53,3.5486,0.1544,0.7477,0.0,125
S002,掠夺文明,小型部落,普通位面,211,503.63,3.856,0.1034,0.7376,0.0,132
S002,掠夺文明,小型部落,普通位面,221,637.84,4.1814,0.0679,0.7197,0.0,136
S002,掠夺文明,小型部落,普通位面,231,759.06,4.5224,0.0451,0.7122,0.0,144
S002,掠夺文明,小型部落,普通位面,241,773.97,4.9079,0.0,0.7017,0.0,151
S002,掠夺文明,小型部落,普通位面,251,903.78,5.3502,0.0814,0.7229,0.0,157
S002,掠夺文明,小型部落,普通位面,261,968.89,5.8283,0.0115,0.7025,0.0,165
S002,掠夺文明,小型部落,普通位面,271,1075.78,6.369,0.0,0.701,0.0,171
S002,掠夺文明,小型部落,普通位面,281,1184.21,6.9909,0.0347,0.709,0.0,177
S002,掠夺文明,小型部落,普通位面,291,1424.19,7.661,0.0815,0.7212,0.0096,183
S002,掠夺文明,小型部落,普通位面,301,1650.03,8.3924,0.0456,0.6959,0.0648,190
S002,掠夺文明,小型部落,普通位面,311,1772.25,9.222,0.0109,0.6566,0.1714,199
S002,掠夺文明,小型部落,普通位面,321,2116.74,10.1749,0.1186,0.6409,0.3409,207
S002,掠夺文明,小型部落,普通位面,331,2366.78,11.2341,0.0,0.5312,0.6208,213
S002,掠夺文明,小型部落,普通位面,341,2225.15,12.5066,0.0152,0.4246,0.9846,218
S002,掠夺文明,小型部落,普通位面,351,1914.15,14.126,0.0,0.4,1.0,223
S002,掠夺文明,小型部落,普通位面,361,1873.19,16.2169,0.0353,0.4097,1.0,230
S002,掠夺文明,小型部落,普通位面,371,1671.48,18.6887,0.014,0.4034,1.0,235
S002,掠夺文明,小型部落,普通位面,381,1615.53,21.6748,0.0141,0.4037,1.0,242
S002,掠夺文明,小型部落,普通位面,391,1757.39,25.1241,0.086,0.4249,1.0,249
S002,掠夺文明,小型部落,普通位面,401,1880.68,29.1641,0.119,0.4347,1.0,255
S002,掠夺文明,小型部落,普通位面,411,2083.48,33.8638,0.0825,0.4238,1.0,259
S002,掠夺文明,小型部落,普通位面,421,2141.98,39.6093,0.0,0.4023,1.0,263
S002,掠夺文明,小型部落,普通位面,431,1987.42,47.3571,0.007,0.4018,1.0,272
S002,掠夺文明,小型部落,普通位面,441,1977.24,57.6134,0.0141,0.4036,1.0,280
S002,掠夺文明,小型部落,普通位面,451,1907.6,71.3235,0.0282,0.4076,1.0,286
S002,掠夺文明,小型部落,普通位面,461,1774.95,90.1616,0.0,0.4029,1.0,295
S002,掠夺文明,小型部落,普通位面,471,1847.44,115.9869,0.0071,0.4029,1.0,302
S002,掠夺文明,小型部落,普通位面,481,1567.99,155.0432,0.0,0.4005,1.0,311
S002,掠夺文明,小型部落,普通位面,491,1615.13,215.6007,0.0,0.4048,1.0,314
S003,掠夺文明,小型部落,富饶位面,1,10.41,1.0023,0.6703,0.5308,0.0,0
S003,掠夺文明,小型部落,富饶位面,11,14.93,1.0322,0.6806,0.9038,0.0,0
S003,掠夺文明,小型部落,富饶位面,21,21.58,1.0774,0.7274,0.9175,0.0,0
S003,掠夺文明,小型部落,富饶位面,31,31.15,1.1377,0.6506,0.8968,0.0,0
S003,掠夺文明,小型部落,富饶位面,41,44.65,1.211,0.6091,0.8892,0.0,0
S003,掠夺文明,小型部落,富饶位面,51,63.85,1.297,0.6282,0.8874,0.0,0
S003,掠夺文明,小型部落,富饶位面,61,90.62,1.3984,0.6426,0.8917,0.0,0
S003,掠夺文明,小型部落,富饶位面,71,128.33,1.5147,0.5749,0.8752,0.0,0
S003,掠夺文明,小型部落,富饶位面,81,174.92,1.6421,0.5218,0.8554,0.0,0
S003,掠夺文明,小型部落,富饶位面,91,243.17,1.7881,0.5113,0.8524,0.0,0
S003,掠夺文明,小型部落,富饶位面,101,332.92,1.9483,0.3878,0.8156,0.0,1
S003,掠夺文明,小型部落,富饶位面,111,443.92,2.121,0.3931,0.8168,0.0,3
S003,掠夺文明,小型部落,富饶位面,121,591.22,2.3169,0.4216,0.8265,0.0,5
S003,掠夺文明,小型部落,富饶位面,131,801.68,2.535,0.395,0.8177,0.0,5
S003,掠夺文明,小型部落,富饶位面,141,1090.43,2.7707,0.3531,0.8047,0.0,6
S003,掠夺文明,小型部落,富饶位面,151,1420.18,3.0309,0.3227,0.7969,0.0,10
S003,掠夺文明,小型部落,富饶位面,161,1905.69,3.3209,0.2717,0.7888,0.0,11
S003,掠夺文明,小型部落,富饶位面,171,2534.62,3.6374,0.2491,0.7806,0.0,14
S003,掠夺文明,小型部落,富饶位面,181,3214.56,3.9881,0.3146,0.794,0.0149,22
S003,掠夺文明,小型部落,富饶位面,191,4157.59,4.377,0.2538,0.7447,0.1234,25
S003,掠夺文明,小型部落,富饶位面,201,5392.23,4.803,0.164,0.6534,0.3883,27
S003,掠夺文明,小型部落,富饶位面,211,6245.78,5.261,0.0905,0.4867,0.8826,33
S003,掠夺文明,小型部落,富饶位面,221,6793.74,5.7859,0.1116,0.4325,1.0,40
S003,掠夺文明,小型部落,富饶位面,231,6619.88,6.3835,0.0,0.4023,1.0,46
S003,掠夺文明,小型部落,富饶位面,241,6831.69,7.0838,0.0402,0.4111,1.0,52
S003,掠夺文明,小型部落,富饶位面,251,7258.13,7.8693,0.0284,0.4079,1.0,60
S003,掠夺文明,小型部落,富饶位面,261,8019.13,8.7535,0.101,0.4293,1.0,66
S003,掠夺文明,小型部落,富饶位面,271,8748.25,9.7557,0.1481,0.4435,1.0,72
S003,掠夺文明,小型部落,富饶位面,281,9517.29,10.8851,0.0783,0.4226,1.0,79
S003,掠夺文明,小型部落,富饶位面,291,10633.57,12.1643,0.0705,0.4202,1.0,84
S003,掠夺文明,小型部落,富饶位面,301,9550.76,13.6698,0.007,0.4018,1.0,92
S003,掠夺文明,小型部落,富饶位面,311,8907.73,15.5618,0.0211,0.4055,1.0,99
S003,掠夺文明,小型部落,富饶位面,321,8299.3,17.8713,0.0071,0.4025,1.0,106
S003,掠夺文明,小型部落,富饶位面,331,8271.11,20.628,0.0496,0.414,1.0,111
S003,掠夺文明,小型部落,富饶位面,341,8988.59,23.8182,0.087,0.4284,1.0,118
S003,掠夺文明,小型部落,富饶位面,351,9392.43,27.507,0.0679,0.4194,1.0,127
S003,掠夺文明,小型部落,富饶位面,361,10333.43,31.8932,0.1066,0.431,1.0,133
S003,掠夺文明,小型部落,富饶位面,371,11480.52,37.2642,0.1397,0.4413,1.0,139
S003,掠夺文明,小型部落,富饶位面,381,13199.52,43.8347,0.1465,0.443,1.0,141
S003,掠夺文明,小型部落,富饶位面,391,14474.0,52.2621,0.1943,0.4573,1.0,147
S003,掠夺文明,小型部落,富饶位面,401,16826.99,63.1708,0.1092,0.4318,1.0,149
S003,掠夺文明,小型部落,富饶位面,411,18037.71,77.6104,0.1225,0.4375,1.0,156
S003,掠夺文明,小型部落,富饶位面,421,19602.22,97.6742,0.1521,0.4446,1.0,161
S003,掠夺文明,小型部落,富饶位面,431,21023.4,126.4146,0.1478,0.4433,1.0,167
S003,掠夺文明,小型部落,富饶位面,441,22424.71,169.4253,0.2258,0.4667,1.0,173
S003,掠夺文明,小型部落,富饶位面,451,20652.07,238.2591,0.0,0.4001,1.0,176
S003,掠夺文明,小型部落,富饶位面,461,20383.26,362.2037,0.0568,0.4161,1.0,185
S003,掠夺文明,小型部落,富饶位面,471,19899.31,579.1782,0.0,0.4023,1.0,194
S003,掠夺文明,小型部落,富饶位面,481,19123.23,1042.7463,0.0353,0.4097,1.0,199
S003,掠夺文明,小型部落,富饶位面,491,19851.42,2144.0134,0.0569,0.4161,1.0,205
S004,掠夺文明,小型部落,灾厄位面,1,10.37,1.0023,0.5714,0.51,0.0,0
S004,掠夺文明,小型部落,灾厄位面,11,13.75,1.0234,0.1757,0.7599,0.0,1
S004,掠夺文明,小型部落,灾厄位面,21,16.86,1.0445,0.0,0.7,0.0,7
S004,掠夺文明,小型部落,灾厄位面,31,20.64,1.0735,0.0,0.7,0.0,13
S004,掠夺文明,小型部落,灾厄位面,41,24.88,1.1104,0.0,0.7,0.0,19
S004,掠夺文明,小型部落,灾厄位面,51,30.43,1.1552,0.0,0.7,0.0,26
S004,掠夺文明,小型部落,灾厄位面,61,38.02,1.2064,0.0049,0.7011,0.0,31
S004,掠夺文明,小型部落,灾厄位面,71,46.26,1.2651,0.0052,0.7011,0.0,38
S004,掠夺文明,小型部落,灾厄位面,81,57.0,1.3318,0.0,0.7,0.0,44
S004,掠夺文明,小型部落,灾厄位面,91,69.31,1.405,0.0,0.7001,0.0,52
S004,掠夺文明,小型部落,灾厄位面,101,81.26,1.4874,0.0121,0.7029,0.0,61
S004,掠夺文明,小型部落,灾厄位面,111,98.2,1.5787,0.0,0.7006,0.0,68
S004,掠夺文明,小型部落,灾厄位面,121,116.09,1.6782,0.0,0.7,0.0,74
S004,掠夺文明,小型部落,灾厄位面,131,102.56,1.7959,0.0,0.7,0.0,82
S004,掠夺文明,小型部落,灾厄位面,141,91.93,1.9389,0.0,0.7002,0.0,88
S004,掠夺文明,小型部落,灾厄位面,151,84.42,2.1083,0.023,0.7056,0.0,95
S004,掠夺文明,小型部落,灾厄位面,161,83.44,2.2982,0.0115,0.7026,0.0,102
S004,掠夺文明,小型部落,灾厄位面,171,74.77,2.5043,0.0,0.7,0.0,111
S004,掠夺文明,小型部落,灾厄位面,181,68.61,2.7423,0.0,0.7002,0.0,117
S004,掠夺文明,小型部落,灾厄位面,191,61.89,3.0163,0.0115,0.7024,0.0,123
S004,掠夺文明,小型部落,灾厄位面,201,56.76,3.322,0.0,0.7007,0.0,128
S004,掠夺文明,小型部落,灾厄位面,211,51.86,3.6649,0.0,0.7002,0.0,134
S004,掠夺文明,小型部落,灾厄位面,221,56.12,4.0336,0.0,0.7037,0.0,141
S004,掠夺文明,小型部落,灾厄位面,231,46.53,4.4388,0.0,0.7002,0.0,148
S004,掠夺文明,小型部落,灾厄位面,241,43.37,4.909,0.0115,0.7024,0.0,154
S004,掠夺文明,小型部落,灾厄位面,251,50.33,5.4057,0.0196,0.7052,0.0,161
S004,掠夺文明,小型部落,灾厄位面,261,48.09,5.917,0.0,0.7007,0.0,169
S004,掠夺文明,小型部落,灾厄位面,271,44.92,6.5163,0.0,0.7002,0.0,174
S004,掠夺文明,小型部落,灾厄位面,281,38.35,7.2356,0.0,0.7001,0.0,183
S004,掠夺文明,小型部落,灾厄位面,291,37.88,8.0668,0.0,0.7008,0.0,189
S004,掠夺文明,小型部落,灾厄位面,301,35.21,8.9745,0.0,0.7,0.0,194
S004,掠夺文明,小型部落,灾厄位面,311,30.33,10.0744,0.0,0.7,0.0,200
S004,掠夺文明,小型部落,灾厄位面,321,28.65,11.3653,0.0,0.7001,0.0,208
S004,掠夺文明,小型部落,灾厄位面,331,24.45,12.9083,0.0,0.7,0.0,214
S004,掠夺文明,小型部落,灾厄位面,341,21.11,14.829,0.0,0.7002,0.0,219
S004,掠夺文明,小型部落,灾厄位面,351,20.63,17.0688,0.0,0.7017,0.0,227
S004,掠夺文明,小型部落,灾厄位面,361,20.27,19.5561,0.0115,0.7024,0.0,233
S004,掠夺文明,小型部落,灾厄位面,371,17.66,22.6168,0.0,0.7001,0.0,239
S004,掠夺文明,小型部落,灾厄位面,381,16.1,26.4465,0.0,0.7008,0.0,249
S004,掠夺文明,小型部落,灾厄位面,391,15.6,31.1596,0.0099,0.7048,0.0,255
S004,掠夺文明,小型部落,灾厄位面,401,15.95,36.5139,0.0115,0.7026,0.0,264
S004,掠夺文明,小型部落,灾厄位面,411,15.98,43.0733,0.023,0.7056,0.0,267
S004,掠夺文明,小型部落,灾厄位面,421,15.96,51.309,0.0,0.7027,0.0,276
S004,掠夺文明,小型部落,灾厄位面,431,15.28,62.1157,0.0115,0.7024,0.0,280
S004,掠夺文明,小型部落,灾厄位面,441,12.99,77.2736,0.0,0.7,0.0,289
S004,掠夺文明,小型部落,灾厄位面,451,12.09,99.4811,0.0,0.7003,0.0,297
S004,掠夺文明,小型部落,灾厄位面,461,11.03,131.965,0.023,0.7056,0.0,305
S004,掠夺文明,小型部落,灾厄位面,471,11.76,178.0436,0.0,0.7031,0.0,311
S004,掠夺文明,小型部落,灾厄位面,481,12.73,244.7073,0.02,0.7055,0.0,317
S004,掠夺文明,小型部落,灾厄位面,491,10.83,355.6989,0.0,0.7,0.0,324
S005,掠夺文明,城邦文明,贫瘠位面,1,103.78,3.0069,0.631,0.5225,0.0,0
S005,掠夺文明,城邦文明,贫瘠位面,11,141.58,3.086,0.387,0.6559,0.0,0
S005,掠夺文明,城邦文明,贫瘠位面,21,182.46,3.1866,0.2314,0.7507,0.0,5
S005,掠夺文明,城邦文明,贫瘠位面,31,228.66,3.3202,0.1871,0.7557,0.0,10
S005,掠夺文明,城邦文明,贫瘠位面,41,295.86,3.4876,0.2311,0.7682,0.0,14
S005,掠夺文明,城邦文明,贫瘠位面,51,383.7,3.6972,0.2929,0.7875,0.0,18
S005,掠夺文明,城邦文明,贫瘠位面,61,511.38,3.9521,0.397,0.8177,0.0,20
S005,掠夺文明,城邦文明,贫瘠位面,71,698.79,4.2615,0.4638,0.8376,0.0003,21
S005,掠夺文明,城邦文明,贫瘠位面,81,944.32,4.6283,0.4062,0.825,0.0169,21
S005,掠夺文明,城邦文明,贫瘠位面,91,1278.81,5.0509,0.4933,0.8297,0.0658,22
S005,掠夺文明,城邦文明,贫瘠位面,101,1723.08,5.5466,0.5462,0.8181,0.1644,22
S005,掠夺文明,城邦文明,贫瘠位面,111,2349.47,6.1337,0.5838,0.7815,0.3368,22
S005,掠夺文明,城邦文明,贫瘠位面,121,3071.91,6.8417,0.7087,0.7412,0.6126,22
S005,掠夺文明,城邦文明,贫瘠位面,131,3685.12,7.7423,0.7526,0.6462,1.0,22
S005,掠夺文明,城邦文明,贫瘠位面,141,4211.69,8.9048,0.8335,0.6493,1.0,22
S005,掠夺文明,城邦文明,贫瘠位面,151,4863.6,10.4254,0.943,0.6815,1.0,22
S005,掠夺文明,城邦文明,贫瘠位面,161,5596.03,12.4056,0.9151,0.6732,1.0,22
S005,掠夺文明,城邦文明,贫瘠位面,171,6428.21,14.992,0.9888,0.6952,1.0,22
S005,掠夺文明,城邦文明,贫瘠位面,181,7386.37,18.4317,0.935,0.681,1.0,22
S005,掠夺文明,城邦文明,贫瘠位面,191,8374.99,23.0193,0.9694,0.6894,1.0,22
S005,掠夺文明,城邦文明,贫瘠位面,201,9481.37,29.3219,1.0,0.7,1.0,22
S005,掠夺文明,城邦文明,贫瘠位面,211,10735.89,38.2583,1.0,0.7,1.0,22
S005,掠夺文明,城邦文明,贫瘠位面,221,12021.85,51.2562,1.0,0.6993,1.0,22
S005,掠夺文明,城邦文明,贫瘠位面,231,13456.66,71.0576,0.9315,0.6806,1.0,22
S005,掠夺文明,城邦文明,贫瘠位面,241,14817.26,102.523,0.9488,0.6833,1.0,22
S005,掠夺文明,城邦文明,贫瘠位面,251,16357.21,156.2713,0.9465,0.6827,1.0,22
S005,掠夺文明,城邦文明,贫瘠位面,261,17791.87,255.6298,0.9508,0.6838,1.0,22
S005,掠夺文明,城邦文明,贫瘠位面,271,19676.73,466.1026,1.0,0.7,1.0,22
S005,掠夺文明,城邦文明,贫瘠位面,281,8619.33,1070.4078,0.9783,0.6925,1.0,22
S005,掠夺文明,城邦文明,贫瘠位面,291,5731.57,5933.1846,0.9688,0.3286,1.0,22
S005,掠夺文明,城邦文明,贫瘠位面,301,2909.3,172140.5698,0.788,0.2398,1.0,22
S005,掠夺文明,城邦文明,贫瘠位面,311,1732.26,1.9064766146953223e+37,0.4944,0.1511,1.0,22
S005,掠夺文明,城邦文明,贫瘠位面,321,1253.59,nan,0.3462,0.4996,1.0,24
S005,掠夺文明,城邦文明,贫瘠位面,331,1116.9,nan,0.3416,0.5014,1.0,29
S005,掠夺文明,城邦文明,贫瘠位面,341,1033.15,nan,0.2712,0.4865,1.0,32
S005,掠夺文明,城邦文明,贫瘠位面,351,923.68,nan,0.2808,0.4833,1.0,36
S005,掠夺文明,城邦文明,贫瘠位面,361,822.99,nan,0.2848,0.4844,1.0,40
S005,掠夺文明,城邦文明,贫瘠位面,371,761.18,nan,0.3692,0.5097,1.0,42
S005,掠夺文明,城邦文明,贫瘠位面,381,715.08,nan,0.4574,0.5361,1.0,42
S005,掠夺文明,城邦文明,贫瘠位面,391,672.09,nan,0.4686,0.5401,1.0,42
S005,掠夺文明,城邦文明,贫瘠位面,401,657.96,nan,0.4701,0.5401,1.0,42
S005,掠夺文明,城邦文明,贫瘠位面,411,636.84,nan,0.4655,0.5386,1.0,42
S005,掠夺文明,城邦文明,贫瘠位面,421,606.41,nan,0.4491,0.5359,1.0,42
S005,掠夺文明,城邦文明,贫瘠位面,431,581.35,nan,0.3872,0.5151,1.0,43
S005,掠夺文明,城邦文明,贫瘠位面,441,543.01,nan,0.3618,0.5091,1.0,45
S005,掠夺文明,城邦文明,贫瘠位面,451,500.79,nan,0.3579,0.5094,1.0,49
S005,掠夺文明,城邦文明,贫瘠位面,461,471.87,nan,0.3085,0.4916,1.0,49
S005,掠夺文明,城邦文明,贫瘠位面,471,438.41,nan,0.3939,0.5171,1.0,51
S005,掠夺文明,城邦文明,贫瘠位面,481,399.82,nan,0.2247,0.467,1.0,53
S005,掠夺文明,城邦文明,贫瘠位面,491,354.16,nan,0.3063,0.4908,1.0,59
S006,掠夺文明,城邦文明,普通位面,1,103.42,3.0069,0.6704,0.5308,0.0,0
S006,掠夺文明,城邦文明,普通位面,11,144.74,3.0934,0.4268,0.8354,0.0,0
S006,掠夺文明,城邦文明,普通位面,21,184.7,3.1922,0.0,0.7027,0.0,6
S006,掠夺文明,城邦文明,普通位面,31,222.86,3.3034,0.0,0.7003,0.0,13
S006,掠夺文明,城邦文明,普通位面,41,273.91,3.4456,0.0375,0.7103,0.0,19
S006,掠夺文明,城邦文明,普通位面,51,348.38,3.6141,0.0158,0.7039,0.0,22
S006,掠夺文明,城邦文明,普通位面,61,424.03,3.8076,0.0507,0.7141,0.0,30
S006,掠夺文明,城邦文明,普通位面,71,520.84,4.0319,0.0182,0.7044,0.0,37
S006,掠夺文明,城邦文明,普通位面,81,644.21,4.2884,0.0527,0.7146,0.0,43
S006,掠夺文明,城邦文明,普通位面,91,827.22,4.575,0.0097,0.7038,0.0,47
S006,掠夺文明,城邦文明,普通位面,101,1050.66,4.8923,0.0916,0.7261,0.0,51
S006,掠夺文明,城邦文明,普通位面,111,1296.64,5.2453,0.0644,0.7179,0.0,58
S006,掠夺文明,城邦文明,普通位面,121,1608.48,5.6394,0.0115,0.7021,0.0048,64
S006,掠夺文明,城邦文明,普通位面,131,1667.62,6.0876,0.0,0.6897,0.0416,72
S006,掠夺文明,城邦文明,普通位面,141,1660.19,6.6334,0.0,0.6755,0.0941,80
S006,掠夺文明,城邦文明,普通位面,151,1615.81,7.2956,0.0328,0.664,0.1579,90
S006,掠夺文明,城邦文明,普通位面,161,1853.87,8.0391,0.0211,0.6332,0.2579,98
S006,掠夺文明,城邦文明,普通位面,171,1932.15,8.8646,0.0099,0.5876,0.4084,105
S006,掠夺文明,城邦文明,普通位面,181,1932.36,9.8103,0.0181,0.5294,0.6141,112
S006,掠夺文明,城邦文明,普通位面,191,2007.63,10.9034,0.0079,0.4493,0.8845,119
S006,掠夺文明,城邦文明,普通位面,201,1978.42,12.1999,0.0427,0.4119,1.0,129
S006,掠夺文明,城邦文明,普通位面,211,2135.16,13.7164,0.0952,0.4277,1.0,135
S006,掠夺文明,城邦文明,普通位面,221,2293.89,15.4528,0.0706,0.4203,1.0,144
S006,掠夺文明,城邦文明,普通位面,231,2237.43,17.4828,0.0282,0.4076,1.0,153
S006,掠夺文明,城邦文明,普通位面,241,2103.64,19.967,0.007,0.4015,1.0,158
S006,掠夺文明,城邦文明,普通位面,251,2065.63,22.9443,0.0,0.4004,1.0,162
S006,掠夺文明,城邦文明,普通位面,261,1728.99,26.9226,0.007,0.4016,1.0,168
S006,掠夺文明,城邦文明,普通位面,271,1456.02,32.1942,0.0,0.4005,1.0,174
S006,掠夺文明,城邦文明,普通位面,281,1258.29,39.0894,0.007,0.4015,1.0,182
S006,掠夺文明,城邦文明,普通位面,291,1283.19,47.776,0.0071,0.4031,1.0,189
S006,掠夺文明,城邦文明,普通位面,301,1334.94,58.2375,0.0,0.4061,1.0,196
S006,掠夺文明,城邦文明,普通位面,311,1265.33,72.3069,0.0353,0.4097,1.0,203
S006,掠夺文明,城邦文明,普通位面,321,1100.47,91.4605,0.0,0.4003,1.0,208
S006,掠夺文明,城邦文明,普通位面,331,1089.93,118.5983,0.0,0.4015,1.0,214
S006,掠夺文明,城邦文明,普通位面,341,908.29,160.9755,0.0,0.4005,1.0,219
S006,掠夺文明,城邦文明,普通位面,351,927.41,225.8893,0.007,0.4017,1.0,225
S006,掠夺文明,城邦文明,普通位面,361,954.05,327.4862,0.0433,0.4121,1.0,233
S006,掠夺文明,城邦文明,普通位面,371,910.96,504.2096,0.0,0.4029,1.0,240
S006,掠夺文明,城邦文明,普通位面,381,852.08,858.1752,0.007,0.4015,1.0,242
S006,掠夺文明,城邦文明,普通位面,391,835.12,1691.9839,0.0282,0.4076,1.0,248
S006,掠夺文明,城邦文明,普通位面,401,794.97,4128.3257,0.0,0.4006,1.0,254
S006,掠夺文明,城邦文明,普通位面,411,797.47,16019.0808,0.0349,0.4096,1.0,263
S006,掠夺文明,城邦文明,普通位面,421,586.7,239866.9041,0.0,0.0363,1.0,270
S006,掠夺文明,城邦文明,普通位面,431,190.69,1.357813989425812e+31,0.0,0.0,1.0,279
S006,掠夺文明,城邦文明,普通位面,441,79.95,nan,0.0,0.3968,1.0,287
S006,掠夺文明,城邦文明,普通位面,451,59.88,nan,0.0148,0.4043,1.0,293
S006,掠夺文明,城邦文明,普通位面,461,43.5,nan,0.007,0.4015,1.0,300
S006,掠夺文明,城邦文明,普通位面,471,38.55,nan,0.0531,0.4152,1.0,303
S006,掠夺文明,城邦文明,普通位面,481,26.94,nan,0.0211,0.4055,1.0,312
S006,掠夺文明,城邦文明,普通位面,491,19.82,nan,0.0,0.4011,1.0,321
S007,掠夺文明,城邦文明,富饶位面,1,104.02,3.0069,0.5895,0.5138,0.0,0
S007,掠夺文明,城邦文明,富饶位面,11,144.65,3.0913,0.5595,0.8674,0.0,0
S007,掠夺文明,城邦文明,富饶位面,21,204.31,3.2226,0.5546,0.8655,0.0,0
S007,掠夺文明,城邦文明,富饶位面,31,285.88,3.4011,0.5377,0.8608,0.0,0
S007,掠夺文明,城邦文明,富饶位面,41,399.54,3.6269,0.535,0.8652,0.0,0
S007,掠夺文明,城邦文明,富饶位面,51,559.6,3.8963,0.5612,0.8669,0.0,0
S007,掠夺文明,城邦文明,富饶位面,61,767.9,4.2205,0.5661,0.8694,0.0,0
S007,掠夺文明,城邦文明,富饶位面,71,1080.93,4.5872,0.444,0.8319,0.0,0
S007,掠夺文明,城邦文明,富饶位面,81,1472.73,5.0096,0.5449,0.8617,0.0,1
S007,掠夺文明,城邦文明,富饶位面,91,2042.99,5.5136,0.5963,0.8775,0.0,1
S007,掠夺文明,城邦文明,富饶位面,101,2899.53,6.1172,0.6656,0.8996,0.0266,1
S007,掠夺文明,城邦文明,富饶位面,111,4194.91,6.8371,0.8103,0.8913,0.2049,1
S007,掠夺文明,城邦文明,富饶位面,121,5890.46,7.7066,0.8157,0.7703,0.6656,1
S007,掠夺文明,城邦文明,富饶位面,131,7838.88,8.7806,0.9033,0.6696,1.0,1
S007,掠夺文明,城邦文明,富饶位面,141,10214.05,10.0898,0.8296,0.6475,1.0,1
S007,掠夺文明,城邦文明,富饶位面,151,13434.8,11.7251,0.8918,0.6674,1.0,1
S007,掠夺文明,城邦文明,富饶位面,161,17444.22,13.7743,0.9244,0.6761,1.0,1
S007,掠夺文明,城邦文明,富饶位面,171,21447.65,16.3091,0.724,0.6163,1.0,1
S007,掠夺文明,城邦文明,富饶位面,181,25163.82,19.4471,0.6486,0.5946,1.0,1
S007,掠夺文明,城邦文明,富饶位面,191,29180.22,23.5101,0.7497,0.6236,1.0,1
S007,掠夺文明,城邦文明,富饶位面,201,32964.35,28.7707,0.541,0.5631,1.0,1
S007,掠夺文明,城邦文明,富饶位面,211,35859.01,35.7093,0.6371,0.5899,1.0,1
S007,掠夺文明,城邦文明,富饶位面,221,40101.25,45.4232,0.7376,0.62,1.0,1
S007,掠夺文明,城邦文明,富饶位面,231,45676.32,59.4296,0.7829,0.6389,1.0,1
S007,掠夺文明,城邦文明,富饶位面,241,52437.78,80.4626,0.8902,0.6657,1.0,1
S007,掠夺文明,城邦文明,富饶位面,251,60937.85,114.2563,0.9326,0.6789,1.0,1
S007,掠夺文明,城邦文明,富饶位面,261,70273.33,171.9766,0.9195,0.6762,1.0,1
S007,掠夺文明,城邦文明,富饶位面,271,81141.15,280.344,1.0,0.6999,1.0,1
S007,掠夺文明,城邦文明,富饶位面,281,93631.42,512.1876,0.9868,0.6946,1.0,1
S007,掠夺文明,城邦文明,富饶位面,291,107605.84,1112.6267,1.0,0.6989,1.0,1
S007,掠夺文明,城邦文明,富饶位面,301,122524.88,3256.2151,1.0,0.6996,1.0,1
S007,掠夺文明,城邦文明,富饶位面,311,140071.21,18634.0412,0.9377,0.6823,1.0,1
S007,掠夺文明,城邦文明,富饶位面,321,83682.31,2577504.2126,0.9056,0.4,1.0,1
S007,掠夺文明,城邦文明,富饶位面,331,44207.89,inf,0.6633,0.202,1.0,1
S007,掠夺文明,城邦文明,富饶位面,341,41340.16,nan,0.692,0.6063,1.0,1
S007,掠夺文明,城邦文明,富饶位面,351,41746.67,nan,0.6631,0.6012,1.0,1
S007,掠夺文明,城邦文明,富饶位面,361,40910.05,nan,0.6632,0.5977,1.0,1
S007,掠夺文明,城邦文明,富饶位面,371,41100.67,nan,0.6296,0.596,1.0,1
S007,掠夺文明,城邦文明,富饶位面,381,40663.55,nan,0.6306,0.5882,1.0,1
S007,掠夺文明,城邦文明,富饶位面,391,40516.84,nan,0.6375,0.59,1.0,1
S007,掠夺文明,城邦文明,富饶位面,401,40234.12,nan,0.5754,0.5782,1.0,1
S007,掠夺文明,城邦文明,富饶位面,411,39629.21,nan,0.6209,0.5864,1.0,1
S007,掠夺文明,城邦文明,富饶位面,421,38608.32,nan,0.5714,0.5757,1.0,1
S007,掠夺文明,城邦文明,富饶位面,431,36969.94,nan,0.3554,0.5062,1.0,1
S007,掠夺文明,城邦文明,富饶位面,441,33593.09,nan,0.3492,0.5037,1.0,2
S007,掠夺文明,城邦文明,富饶位面,451,31250.98,nan,0.2364,0.4717,1.0,4
S007,掠夺文明,城邦文明,富饶位面,461,27599.19,nan,0.1638,0.4488,1.0,9
S007,掠夺文明,城邦文明,富饶位面,471,23731.33,nan,0.1245,0.4386,1.0,16
S007,掠夺文明,城邦文明,富饶位面,481,19822.32,nan,0.2015,0.4594,1.0,24
S007,掠夺文明,城邦文明,富饶位面,491,17638.68,nan,0.1015,0.4302,1.0,29
S008,掠夺文明,城邦文明,灾厄位面,1,103.52,3.0069,0.5953,0.515,0.0,0
S008,掠夺文明,城邦文明,灾厄位面,11,143.31,3.078,0.1169,0.7433,0.0,1
S008,掠夺文明,城邦文明,灾厄位面,21,170.96,3.1507,0.0,0.7003,0.0,9
S008,掠夺文明,城邦文明,灾厄位面,31,210.07,3.2543,0.0,0.7002,0.0,16
S008,掠夺文明,城邦文明,灾厄位面,41,248.86,3.3871,0.0,0.7001,0.0,25
S008,掠夺文明,城邦文明,灾厄位面,51,301.5,3.549,0.0,0.7005,0.0,33
S008,掠夺文明,城邦文明,灾厄位面,61,369.42,3.7358,0.0,0.7002,0.0,41
S008,掠夺文明,城邦文明,灾厄位面,71,454.3,3.9488,0.0,0.7013,0.0,48
S008,掠夺文明,城邦文明,灾厄位面,81,568.55,4.1871,0.0094,0.702,0.0,53
S008,掠夺文明,城邦文明,灾厄位面,91,690.33,4.4554,0.0,0.7004,0.0,60
S008,掠夺文明,城邦文明,灾厄位面,101,838.66,4.7563,0.0,0.7,0.0,67
S008,掠夺文明,城邦文明,灾厄位面,111,1025.15,5.0909,0.0,0.6993,0.004,74
S008,掠夺文明,城邦文明,灾厄位面,121,1278.18,5.4612,0.0224,0.6974,0.0332,79
S008,掠夺文明,城邦文明,灾厄位面,131,1145.9,5.9025,0.0,0.6779,0.0809,85
S008,掠夺文明,城邦文明,灾厄位面,141,995.68,6.4762,0.0,0.6658,0.1198,88
S008,掠夺文明,城邦文明,灾厄位面,151,843.24,7.187,0.0,0.6554,0.1528,96
S008,掠夺文明,城邦文明,灾厄位面,161,738.63,8.0575,0.0,0.6473,0.1793,102
S008,掠夺文明,城邦文明,灾厄位面,171,661.69,9.069,0.0,0.6392,0.2061,109
S008,掠夺文明,城邦文明,灾厄位面,181,593.43,10.309,0.0105,0.6351,0.227,115
S008,掠夺文明,城邦文明,灾厄位面,191,546.03,11.7316,0.0,0.6268,0.2496,120
S008,掠夺文明,城邦文明,灾厄位面,201,461.27,13.4455,0.0,0.6212,0.2705,128
S008,掠夺文明,城邦文明,灾厄位面,211,391.85,15.5539,0.0,0.6159,0.2879,134
S008,掠夺文明,城邦文明,灾厄位面,221,348.91,18.084,0.0,0.6093,0.3053,139
S008,掠夺文明,城邦文明,灾厄位面,231,302.47,21.1737,0.0101,0.606,0.323,147
S008,掠夺文明,城邦文明,灾厄位面,241,255.25,24.8953,0.0,0.5975,0.3445,153
S008,掠夺文明,城邦文明,灾厄位面,251,229.12,29.6504,0.0,0.5914,0.3662,160
S008,掠夺文明,城邦文明,灾厄位面,261,213.07,35.5243,0.0098,0.5851,0.3941,165
S008,掠夺文明,城邦文明,灾厄位面,271,178.27,42.914,0.0,0.5724,0.4306,169
S008,掠夺文明,城邦文明,灾厄位面,281,169.24,52.8129,0.0,0.5611,0.4732,174
S008,掠夺文明,城邦文明,灾厄位面,291,140.76,65.9555,0.0,0.544,0.5287,181
S008,掠夺文明,城邦文明,灾厄位面,301,131.34,84.2201,0.0089,0.5264,0.5985,190
S008,掠夺文明,城邦文明,灾厄位面,311,122.26,108.9938,0.0,0.4965,0.6962,195
S008,掠夺文明,城邦文明,灾厄位面,321,102.61,146.3241,0.0,0.4597,0.8231,201
S008,掠夺文明,城邦文明,灾厄位面,331,77.04,209.1142,0.0,0.4134,0.9793,211
S008,掠夺文明,城邦文明,灾厄位面,341,59.01,327.1628,0.0,0.4001,1.0,220
S008,掠夺文明,城邦文明,灾厄位面,351,45.46,555.3419,0.0,0.4,1.0,226
S008,掠夺文明,城邦文明,灾厄位面,361,40.08,1043.787,0.007,0.4016,1.0,232
S008,掠夺文明,城邦文明,灾厄位面,371,34.88,2256.9091,0.007,0.4016,1.0,239
S008,掠夺文明,城邦文明,灾厄位面,381,29.7,6581.7979,0.0,0.401,1.0,244
S008,掠夺文明,城邦文明,灾厄位面,391,24.05,38372.7061,0.0,0.4004,1.0,251
S008,掠夺文明,城邦文明,灾厄位面,401,12.35,6428181.2053,0.0,0.0032,1.0,258
S008,掠夺文明,城邦文明,灾厄位面,411,4.14,inf,0.0,0.0,1.0,266
S008,掠夺文明,城邦文明,灾厄位面,421,2.87,nan,0.0,0.4033,1.0,271
S008,掠夺文明,城邦文明,灾厄位面,431,1.78,nan,0.0,0.4001,1.0,278
S008,掠夺文明,城邦文明,灾厄位面,441,1.26,nan,0.007,0.4015,1.0,285
S008,掠夺文明,城邦文明,灾厄位面,451,0.0,nan,0.0,0.4001,1.0,289
S008,掠夺文明,城邦文明,灾厄位面,461,0.0,nan,0.0,0.4001,1.0,289
S008,掠夺文明,城邦文明,灾厄位面,471,0.0,nan,0.0,0.4001,1.0,289
S008,掠夺文明,城邦文明,灾厄位面,481,0.0,nan,0.0,0.4001,1.0,289
S008,掠夺文明,城邦文明,灾厄位面,491,0.0,nan,0.0,0.4001,1.0,289
S009,掠夺文明,大陆文明,贫瘠位面,1,1039.94,6.0141,0.6707,0.5308,0.005,0
S009,掠夺文明,大陆文明,贫瘠位面,11,1481.52,6.2069,0.4694,0.6748,0.0839,0
S009,掠夺文明,大陆文明,贫瘠位面,21,1978.45,6.4726,0.2387,0.7004,0.2255,1
S009,掠夺文明,大陆文明,贫瘠位面,31,2426.52,6.802,0.2099,0.64,0.4403,7
S009,掠夺文明,大陆文明,贫瘠位面,41,2735.02,7.2402,0.2215,0.5603,0.7284,12
S009,掠夺文明,大陆文明,贫瘠位面,51,2858.23,7.8282,0.3108,0.4936,1.0,18
S009,掠夺文明,大陆文明,贫瘠位面,61,2923.95,8.5914,0.2423,0.4722,1.0,22
S009,掠夺文明,大陆文明,贫瘠位面,71,3014.39,9.5054,0.2135,0.4631,1.0,25
S009,掠夺文明,大陆文明,贫瘠位面,81,3016.83,10.6426,0.2946,0.4873,1.0,31
S009,掠夺文明,大陆文明,贫瘠位面,91,3090.73,12.079,0.3794,0.5127,1.0,34
S009,掠夺文明,大陆文明,贫瘠位面,101,3216.13,13.8593,0.3182,0.4946,1.0,37
S009,掠夺文明,大陆文明,贫瘠位面,111,3388.45,16.0184,0.404,0.5201,1.0,40
S009,掠夺文明,大陆文明,贫瘠位面,121,3666.2,18.6923,0.4068,0.5213,1.0,40
S009,掠夺文明,大陆文明,贫瘠位面,131,3883.06,22.0583,0.445,0.537,1.0,40
S009,掠夺文明,大陆文明,贫瘠位面,141,4184.99,26.2849,0.3887,0.5159,1.0,41
S009,掠夺文明,大陆文明,贫瘠位面,151,4354.53,31.7163,0.4778,0.5422,1.0,42
S009,掠夺文明,大陆文明,贫瘠位面,161,4651.83,38.9759,0.4858,0.5446,1.0,42
S009,掠夺文明,大陆文明,贫瘠位面,171,4961.22,48.8557,0.5033,0.5499,1.0,42
S009,掠夺文明,大陆文明,贫瘠位面,181,5233.17,62.8781,0.5977,0.5781,1.0,42
S009,掠夺文明,大陆文明,贫瘠位面,191,5694.9,83.964,0.6963,0.6076,1.0,42
S009,掠夺文明,大陆文明,贫瘠位面,201,6324.31,116.5493,0.7218,0.6152,1.0,42
S009,掠夺文明,大陆文明,贫瘠位面,211,7068.63,170.7282,0.7682,0.6296,1.0,42
S009,掠夺文明,大陆文明,贫瘠位面,221,7887.44,269.2975,0.844,0.6518,1.0,42
S009,掠夺文明,大陆文明,贫瘠位面,231,8928.96,472.6864,0.9046,0.67,1.0,42
S009,掠夺文明,大陆文明,贫瘠位面,241,10201.82,976.867,0.8899,0.6662,1.0,42
S009,掠夺文明,大陆文明,贫瘠位面,251,4165.94,3582.2099,0.7935,0.634,1.0,42
S009,掠夺文明,大陆文明,贫瘠位面,261,2266.2,42146.9143,0.5793,0.1788,1.0,42
S009,掠夺文明,大陆文明,贫瘠位面,271,1266.73,516315007.318,0.3614,0.1113,1.0,42
S009,掠夺文明,大陆文明,贫瘠位面,281,648.04,nan,0.0,0.0014,1.0,47
S009,掠夺文明,大陆文明,贫瘠位面,291,475.4,nan,0.007,0.4017,1.0,54
S009,掠夺文明,大陆文明,贫瘠位面,301,380.84,nan,0.0,0.4013,1.0,59
S009,掠夺文明,大陆文明,贫瘠位面,311,319.84,nan,0.0496,0.414,1.0,64
S009,掠夺文明,大陆文明,贫瘠位面,321,280.57,nan,0.1232,0.436,1.0,68
S009,掠夺文明,大陆文明,贫瘠位面,331,239.74,nan,0.1217,0.4362,1.0,76
S009,掠夺文明,大陆文明,贫瘠位面,341,200.51,nan,0.0,0.4061,1.0,81
S009,掠夺文明,大陆文明,贫瘠位面,351,160.35,nan,0.0282,0.4076,1.0,88
S009,掠夺文明,大陆文明,贫瘠位面,361,136.86,nan,0.0539,0.4153,1.0,95
S009,掠夺文明,大陆文明,贫瘠位面,371,105.03,nan,0.0071,0.4025,1.0,103
S009,掠夺文明,大陆文明,贫瘠位面,381,87.75,nan,0.0554,0.4157,1.0,109
S009,掠夺文明,大陆文明,贫瘠位面,391,70.08,nan,0.0071,0.4025,1.0,116
S009,掠夺文明,大陆文明,贫瘠位面,401,51.32,nan,0.0,0.4042,1.0,124
S009,掠夺文明,大陆文明,贫瘠位面,411,41.58,nan,0.0353,0.4097,1.0,132
S009,掠夺文明,大陆文明,贫瘠位面,421,29.1,nan,0.014,0.4034,1.0,139
S009,掠夺文明,大陆文明,贫瘠位面,431,23.99,nan,0.086,0.4248,1.0,147
S009,掠夺文明,大陆文明,贫瘠位面,441,20.38,nan,0.0424,0.4118,1.0,153
S009,掠夺文明,大陆文明,贫瘠位面,451,15.69,nan,0.0282,0.4076,1.0,160
S009,掠夺文明,大陆文明,贫瘠位面,461,12.1,nan,0.0496,0.414,1.0,167
S009,掠夺文明,大陆文明,贫瘠位面,471,10.28,nan,0.1232,0.436,1.0,175
S009,掠夺文明,大陆文明,贫瘠位面,481,8.87,nan,0.2001,0.459,1.0,183
S009,掠夺文明,大陆文明,贫瘠位面,491,8.0,nan,0.1865,0.455,1.0,186
S010,掠夺文明,大陆文明,普通位面,1,1033.78,6.0141,0.6707,0.5308,0.0,0
S010,掠夺文明,大陆文明,普通位面,11,1434.24,6.2022,0.534,0.8595,0.0006,0
S010,掠夺文明,大陆文明,普通位面,21,1903.69,6.4736,0.3348,0.7986,0.0387,2
S010,掠夺文明,大陆文明,普通位面,31,2438.76,6.835,0.3616,0.7688,0.1484,6
S010,掠夺文明,大陆文明,普通位面,41,3114.38,7.3003,0.3237,0.6976,0.3657,10
S010,掠夺文明,大陆文明,普通位面,51,3578.31,7.844,0.1273,0.5404,0.7126,18
S010,掠夺文明,大陆文明,普通位面,61,3820.21,8.4909,0.0,0.4052,1.0,27
S010,掠夺文明,大陆文明,普通位面,71,4218.64,9.2298,0.0146,0.4037,1.0,32
S010,掠夺文明,大陆文明,普通位面,81,4395.94,10.096,0.007,0.4018,1.0,39
S010,掠夺文明,大陆文明,普通位面,91,4660.88,11.1075,0.007,0.402,1.0,46
S010,掠夺文明,大陆文明,普通位面,101,4872.11,12.2786,0.014,0.4034,1.0,54
S010,掠夺文明,大陆文明,普通位面,111,5226.39,13.6537,0.0071,0.4033,1.0,60
S010,掠夺文明,大陆文明,普通位面,121,5393.6,15.2251,0.0211,0.4055,1.0,67
S010,掠夺文明,大陆文明,普通位面,131,4688.88,17.1825,0.0,0.4001,1.0,73
S010,掠夺文明,大陆文明,普通位面,141,4819.83,19.664,0.0,0.4048,1.0,77
S010,掠夺文明,大陆文明,普通位面,151,4292.44,22.6772,0.0,0.401,1.0,82
S010,掠夺文明,大陆文明,普通位面,161,4513.85,26.3447,0.0282,0.4076,1.0,88
S010,掠夺文明,大陆文明,普通位面,171,4101.86,30.865,0.014,0.4034,1.0,94
S010,掠夺文明,大陆文明,普通位面,181,3952.22,36.5823,0.0424,0.4118,1.0,101
S010,掠夺文明,大陆文明,普通位面,191,4119.44,43.5116,0.007,0.4024,1.0,106
S010,掠夺文明,大陆文明,普通位面,201,3755.44,52.7328,0.014,0.4034,1.0,112
S010,掠夺文明,大陆文明,普通位面,211,3657.27,64.8595,0.0282,0.4076,1.0,117
S010,掠夺文明,大陆文明,普通位面,221,3929.49,80.2481,0.0141,0.4036,1.0,122
S010,掠夺文明,大陆文明,普通位面,231,3581.23,101.687,0.007,0.4018,1.0,128
S010,掠夺文明,大陆文明,普通位面,241,3290.16,134.2255,0.014,0.4035,1.0,134
S010,掠夺文明,大陆文明,普通位面,251,3053.18,183.615,0.0211,0.4055,1.0,142
S010,掠夺文明,大陆文明,普通位面,261,2996.43,259.2192,0.014,0.4035,1.0,151
S010,掠夺文明,大陆文明,普通位面,271,2961.92,383.7222,0.0,0.4013,1.0,157
S010,掠夺文明,大陆文明,普通位面,281,2497.77,630.7478,0.007,0.4015,1.0,164
S010,掠夺文明,大陆文明,普通位面,291,2573.52,1161.1718,0.0568,0.4161,1.0,170
S010,掠夺文明,大陆文明,普通位面,301,2428.1,2468.7346,0.007,0.4016,1.0,176
S010,掠夺文明,大陆文明,普通位面,311,2308.24,7313.1249,0.0081,0.4024,1.0,183
S010,掠夺文明,大陆文明,普通位面,321,2268.96,43087.3789,0.0211,0.4055,1.0,190
S010,掠夺文明,大陆文明,普通位面,331,1001.77,13220923.1273,0.0,0.0003,1.0,199
S010,掠夺文明,大陆文明,普通位面,341,334.11,nan,0.0,0.0,1.0,206
S010,掠夺文明,大陆文明,普通位面,351,213.9,nan,0.007,0.4015,1.0,214
S010,掠夺文明,大陆文明,普通位面,361,152.81,nan,0.014,0.4034,1.0,221
S010,掠夺文明,大陆文明,普通位面,371,110.47,nan,0.014,0.4035,1.0,228
S010,掠夺文明,大陆文明,普通位面,381,87.47,nan,0.0424,0.4118,1.0,235
S010,掠夺文明,大陆文明,普通位面,391,71.79,nan,0.0353,0.4097,1.0,242
S010,掠夺文明,大陆文明,普通位面,401,51.49,nan,0.0211,0.4055,1.0,249
S010,掠夺文明,大陆文明,普通位面,411,34.71,nan,0.014,0.4034,1.0,258
S010,掠夺文明,大陆文明,普通位面,421,25.65,nan,0.007,0.4016,1.0,266
S010,掠夺文明,大陆文明,普通位面,431,19.59,nan,0.0282,0.4076,1.0,272
S010,掠夺文明,大陆文明,普通位面,441,14.05,nan,0.007,0.4016,1.0,279
S010,掠夺文明,大陆文明,普通位面,451,11.42,nan,0.014,0.4035,1.0,284
S010,掠夺文明,大陆文明,普通位面,461,10.03,nan,0.086,0.4249,1.0,288
S010,掠夺文明,大陆文明,普通位面,471,7.73,nan,0.0141,0.4035,1.0,295
S010,掠夺文明,大陆文明,普通位面,481,5.75,nan,0.0,0.4029,1.0,303
S010,掠夺文明,大陆文明,普通位面,491,4.23,nan,0.0211,0.4054,1.0,312
S011,掠夺文明,大陆文明,富饶位面,1,1034.84,6.0141,0.6707,0.5308,0.0,0
S011,掠夺文明,大陆文明,富饶位面,11,1479.79,6.1998,0.5405,0.8628,0.0,0
S011,掠夺文明,大陆文明,富饶位面,21,2084.64,6.4979,0.5362,0.8603,0.0,0
S011,掠夺文明,大陆文明,富饶位面,31,2864.2,6.9041,0.5526,0.8542,0.0465,0
S011,掠夺文明,大陆文明,富饶位面,41,3953.84,7.4427,0.5377,0.8015,0.2391,0
S011,掠夺文明,大陆文明,富饶位面,51,5237.83,8.1126,0.6197,0.7056,0.6765,0
S011,掠夺文明,大陆文明,富饶位面,61,6503.32,8.9599,0.5493,0.5678,1.0,0
S011,掠夺文明,大陆文明,富饶位面,71,7882.84,9.9893,0.4653,0.5386,1.0,0
S011,掠夺文明,大陆文明,富饶位面,81,9084.77,11.1744,0.2452,0.4745,1.0,5
S011,掠夺文明,大陆文明,富饶位面,91,10414.67,12.554,0.2642,0.4787,1.0,8
S011,掠夺文明,大陆文明,富饶位面,101,11939.59,14.2031,0.2743,0.4832,1.0,12
S011,掠夺文明,大陆文明,富饶位面,111,13581.89,16.1765,0.2745,0.482,1.0,16
S011,掠夺文明,大陆文明,富饶位面,121,14867.49,18.5221,0.2072,0.4613,1.0,23
S011,掠夺文明,大陆文明,富饶位面,131,16397.88,21.3439,0.2129,0.4629,1.0,27
S011,掠夺文明,大陆文明,富饶位面,141,17013.98,24.7424,0.1374,0.4403,1.0,35
S011,掠夺文明,大陆文明,富饶位面,151,18264.25,28.9559,0.1359,0.4469,1.0,40
S011,掠夺文明,大陆文明,富饶位面,161,19166.23,34.1624,0.1615,0.4475,1.0,47
S011,掠夺文明,大陆文明,富饶位面,171,20532.24,40.5842,0.1205,0.4352,1.0,50
S011,掠夺文明,大陆文明,富饶位面,181,21233.86,48.8794,0.1973,0.4582,1.0,58
S011,掠夺文明,大陆文明,富饶位面,191,22154.72,60.1751,0.1797,0.453,1.0,65
S011,掠夺文明,大陆文明,富饶位面,201,23503.02,75.5736,0.2592,0.4767,1.0,71
S011,掠夺文明,大陆文明,富饶位面,211,25577.58,97.2254,0.2544,0.4753,1.0,75
S011,掠夺文明,大陆文明,富饶位面,221,27033.45,128.5127,0.2784,0.4825,1.0,79
S011,掠夺文明,大陆文明,富饶位面,231,28626.65,176.6002,0.0996,0.4357,1.0,82
S011,掠夺文明,大陆文明,富饶位面,241,28477.09,251.9989,0.0483,0.4172,1.0,89
S011,掠夺文明,大陆文明,富饶位面,251,28651.46,380.3112,0.0393,0.4109,1.0,95
S011,掠夺文明,大陆文明,富饶位面,261,29599.1,606.9681,0.0522,0.4148,1.0,100
S011,掠夺文明,大陆文明,富饶位面,271,29902.54,1076.3021,0.0283,0.4076,1.0,106
S011,掠夺文明,大陆文明,富饶位面,281,27755.25,2256.8603,0.0,0.4008,1.0,113
S011,掠夺文明,大陆文明,富饶位面,291,28445.38,6380.2222,0.0713,0.4205,1.0,121
S011,掠夺文明,大陆文明,富饶位面,301,29609.83,33399.3547,0.0498,0.414,1.0,126
S011,掠夺文明,大陆文明,富饶位面,311,27002.08,2445685.3062,0.0401,0.1334,1.0,134
S011,掠夺文明,大陆文明,富饶位面,321,9251.25,4.509876982077382e+267,0.0,0.0,1.0,142
S011,掠夺文明,大陆文明,富饶位面,331,5858.94,nan,0.0279,0.4074,1.0,147
S011,掠夺文明,大陆文明,富饶位面,341,4411.64,nan,0.0353,0.4097,1.0,153
S011,掠夺文明,大陆文明,富饶位面,351,3808.62,nan,0.1082,0.4315,1.0,159
S011,掠夺文明,大陆文明,富饶位面,361,3331.66,nan,0.1844,0.4543,1.0,165
S011,掠夺文明,大陆文明,富饶位面,371,2904.14,nan,0.1078,0.4321,1.0,169
S011,掠夺文明,大陆文明,富饶位面,381,2223.18,nan,0.0141,0.4035,1.0,176
S011,掠夺文明,大陆文明,富饶位面,391,1681.8,nan,0.0211,0.4055,1.0,183
S011,掠夺文明,大陆文明,富饶位面,401,1320.96,nan,0.007,0.4024,1.0,189
S011,掠夺文明,大陆文明,富饶位面,411,1049.22,nan,0.0353,0.4097,1.0,197
S011,掠夺文明,大陆文明,富饶位面,421,829.69,nan,0.0209,0.4056,1.0,205
S011,掠夺文明,大陆文明,富饶位面,431,664.14,nan,0.007,0.4018,1.0,211
S011,掠夺文明,大陆文明,富饶位面,441,574.68,nan,0.038,0.4141,1.0,217
S011,掠夺文明,大陆文明,富饶位面,451,462.3,nan,0.0353,0.4097,1.0,222
S011,掠夺文明,大陆文明,富饶位面,461,320.28,nan,0.0211,0.4055,1.0,232
S011,掠夺文明,大陆文明,富饶位面,471,253.53,nan,0.0568,0.4161,1.0,239
S011,掠夺文明,大陆文明,富饶位面,481,195.48,nan,0.0211,0.4055,1.0,247
S011,掠夺文明,大陆文明,富饶位面,491,153.9,nan,0.0641,0.4183,1.0,256
S012,掠夺文明,大陆文明,灾厄位面,1,1039.19,6.0141,0.6385,0.5241,0.002,0
S012,掠夺文明,大陆文明,灾厄位面,11,1458.9,6.1819,0.2155,0.7587,0.0503,0
S012,掠夺文明,大陆文明,灾厄位面,21,1906.64,6.3735,0.0,0.6609,0.1555,2
S012,掠夺文明,大陆文明,灾厄位面,31,2202.61,6.6343,0.0093,0.6149,0.3166,9
S012,掠夺文明,大陆文明,灾厄位面,41,2571.16,6.9745,0.0,0.5483,0.5422,15
S012,掠夺文明,大陆文明,灾厄位面,51,2858.38,7.3933,0.0,0.4611,0.8458,22
S012,掠夺文明,大陆文明,灾厄位面,61,3093.26,7.9084,0.0,0.4,1.0,29
S012,掠夺文明,大陆文明,灾厄位面,71,3375.44,8.5214,0.014,0.4034,1.0,31
S012,掠夺文明,大陆文明,灾厄位面,81,3510.06,9.25,0.007,0.4018,1.0,36
S012,掠夺文明,大陆文明,灾厄位面,91,3620.58,10.1068,0.0,0.401,1.0,41
S012,掠夺文明,大陆文明,灾厄位面,101,3829.06,11.113,0.0,0.4,1.0,45
S012,掠夺文明,大陆文明,灾厄位面,111,3843.33,12.277,0.0,0.4,1.0,51
S012,掠夺文明,大陆文明,灾厄位面,121,3888.98,13.6692,0.0353,0.4097,1.0,59
S012,掠夺文明,大陆文明,灾厄位面,131,3429.22,15.363,0.0,0.4003,1.0,67
S012,掠夺文明,大陆文明,灾厄位面,141,2968.49,17.5601,0.0,0.4005,1.0,74
S012,掠夺文明,大陆文明,灾厄位面,151,2065.93,20.6619,0.0,0.4,1.0,80
S012,掠夺文明,大陆文明,灾厄位面,161,1601.78,24.9602,0.0,0.4,1.0,87
S012,掠夺文明,大陆文明,灾厄位面,171,1226.83,30.894,0.0,0.401,1.0,94
S012,掠夺文明,大陆文明,灾厄位面,181,927.57,38.9193,0.0,0.4,1.0,102
S012,掠夺文明,大陆文明,灾厄位面,191,705.79,50.2487,0.007,0.4015,1.0,111
S012,掠夺文明,大陆文明,灾厄位面,201,654.46,65.0334,0.007,0.4017,1.0,117
S012,掠夺文明,大陆文明,灾厄位面,211,556.66,84.406,0.007,0.4016,1.0,125
S012,掠夺文明,大陆文明,灾厄位面,221,487.27,110.9342,0.0,0.4005,1.0,133
S012,掠夺文明,大陆文明,灾厄位面,231,374.1,153.3661,0.0,0.4,1.0,140
S012,掠夺文明,大陆文明,灾厄位面,241,284.09,226.8906,0.0,0.4,1.0,146
S012,掠夺文明,大陆文明,灾厄位面,251,254.17,353.5059,0.007,0.4018,1.0,154
S012,掠夺文明,大陆文明,灾厄位面,261,204.06,585.2099,0.0,0.4004,1.0,159
S012,掠夺文明,大陆文明,灾厄位面,271,179.74,1079.1475,0.0,0.4005,1.0,166
S012,掠夺文明,大陆文明,灾厄位面,281,146.22,2407.1387,0.0,0.4016,1.0,174
S012,掠夺文明,大陆文明,灾厄位面,291,121.06,7490.6541,0.0,0.401,1.0,179
S012,掠夺文明,大陆文明,灾厄位面,301,87.66,50833.3834,0.0,0.4,1.0,185
S012,掠夺文明,大陆文明,灾厄位面,311,40.75,44415088.5136,0.0,0.0033,1.0,192
S012,掠夺文明,大陆文明,灾厄位面,321,13.05,nan,0.0,0.0,1.0,200
S012,掠夺文明,大陆文明,灾厄位面,331,8.3,nan,0.007,0.4016,1.0,203
S012,掠夺文明,大陆文明,灾厄位面,341,5.55,nan,0.0,0.4005,1.0,206
S012,掠夺文明,大陆文明,灾厄位面,351,3.6,nan,0.0,0.4001,1.0,214
S012,掠夺文明,大陆文明,灾厄位面,361,2.37,nan,0.007,0.4015,1.0,220
S012,掠夺文明,大陆文明,灾厄位面,371,1.53,nan,0.0,0.4001,1.0,226
S012,掠夺文明,大陆文明,灾厄位面,381,0.0,nan,0.0,0.4,1.0,232
S012,掠夺文明,大陆文明,灾厄位面,391,0.0,nan,0.0,0.4,1.0,232
S012,掠夺文明,大陆文明,灾厄位面,401,0.0,nan,0.0,0.4,1.0,232
S012,掠夺文明,大陆文明,灾厄位面,411,0.0,nan,0.0,0.4,1.0,232
S012,掠夺文明,大陆文明,灾厄位面,421,0.0,nan,0.0,0.4,1.0,232
S012,掠夺文明,大陆文明,灾厄位面,431,0.0,nan,0.0,0.4,1.0,232
S012,掠夺文明,大陆文明,灾厄位面,441,0.0,nan,0.0,0.4,1.0,232
S012,掠夺文明,大陆文明,灾厄位面,451,0.0,nan,0.0,0.4,1.0,232
S012,掠夺文明,大陆文明,灾厄位面,461,0.0,nan,0.0,0.4,1.0,232
S012,掠夺文明,大陆文明,灾厄位面,471,0.0,nan,0.0,0.4,1.0,232
S012,掠夺文明,大陆文明,灾厄位面,481,0.0,nan,0.0,0.4,1.0,232
S012,掠夺文明,大陆文明,灾厄位面,491,0.0,nan,0.0,0.4,1.0,232
S013,掠夺文明,星际文明,贫瘠位面,1,10221.93,10.024,0.671,0.5309,0.1442,0
S013,掠夺文明,星际文明,贫瘠位面,11,10842.35,10.4017,0.6222,0.5868,1.0,0
S013,掠夺文明,星际文明,贫瘠位面,21,10903.85,11.0513,0.4317,0.5286,1.0,1
S013,掠夺文明,星际文明,贫瘠位面,31,10564.44,12.0515,0.3865,0.5212,1.0,2
S013,掠夺文明,星际文明,贫瘠位面,41,10165.46,13.4717,0.4756,0.5415,1.0,3
S013,掠夺文明,星际文明,贫瘠位面,51,9887.88,15.4372,0.5007,0.549,1.0,4
S013,掠夺文明,星际文明,贫瘠位面,61,9831.23,18.1388,0.5949,0.5772,1.0,4
S013,掠夺文明,星际文明,贫瘠位面,71,10092.76,21.7947,0.6414,0.5912,1.0,4
S013,掠夺文明,星际文明,贫瘠位面,81,10387.59,26.6675,0.5473,0.5636,1.0,4
S013,掠夺文明,星际文明,贫瘠位面,91,10458.96,33.2511,0.6437,0.5919,1.0,4
S013,掠夺文明,星际文明,贫瘠位面,101,11047.01,42.4505,0.6728,0.6006,1.0,4
S013,掠夺文明,星际文明,贫瘠位面,111,11578.12,55.6636,0.7749,0.6311,1.0,4
S013,掠夺文明,星际文明,贫瘠位面,121,12314.79,75.6396,0.7271,0.6186,1.0,4
S013,掠夺文明,星际文明,贫瘠位面,131,13074.03,106.9527,0.8318,0.6482,1.0,4
S013,掠夺文明,星际文明,贫瘠位面,141,13914.86,160.2477,0.774,0.6332,1.0,4
S013,掠夺文明,星际文明,贫瘠位面,151,14575.86,254.999,0.6114,0.5894,1.0,4
S013,掠夺文明,星际文明,贫瘠位面,161,14556.73,436.2162,0.537,0.5599,1.0,4
S013,掠夺文明,星际文明,贫瘠位面,171,14910.34,842.6039,0.5376,0.5603,1.0,4
S013,掠夺文明,星际文明,贫瘠位面,181,15284.62,1984.366,0.6335,0.5888,1.0,4
S013,掠夺文明,星际文明,贫瘠位面,191,16134.42,6994.8217,0.6613,0.5977,1.0,4
S013,掠夺文明,星际文明,贫瘠位面,201,3770.69,207507.3655,0.4098,0.1284,1.0,4
S013,掠夺文明,星际文明,贫瘠位面,211,2029.5,1.2632675783862053e+36,0.1068,0.042,1.0,6
S013,掠夺文明,星际文明,贫瘠位面,221,1160.75,nan,0.0186,0.4015,1.0,12
S013,掠夺文明,星际文明,贫瘠位面,231,938.19,nan,0.0568,0.4161,1.0,20
S013,掠夺文明,星际文明,贫瘠位面,241,761.05,nan,0.0,0.4032,1.0,27
S013,掠夺文明,星际文明,贫瘠位面,251,644.0,nan,0.0353,0.4097,1.0,32
S013,掠夺文明,星际文明,贫瘠位面,261,510.58,nan,0.0141,0.4037,1.0,40
S013,掠夺文明,星际文明,贫瘠位面,271,409.3,nan,0.0282,0.4076,1.0,48
S013,掠夺文明,星际文明,贫瘠位面,281,330.55,nan,0.0641,0.4183,1.0,54
S013,掠夺文明,星际文明,贫瘠位面,291,281.28,nan,0.0452,0.4128,1.0,60
S013,掠夺文明,星际文明,贫瘠位面,301,222.77,nan,0.0212,0.4056,1.0,68
S013,掠夺文明,星际文明,贫瘠位面,311,159.05,nan,0.007,0.402,1.0,76
S013,掠夺文明,星际文明,贫瘠位面,321,130.67,nan,0.0787,0.4227,1.0,85
S013,掠夺文明,星际文明,贫瘠位面,331,113.72,nan,0.1213,0.4357,1.0,90
S013,掠夺文明,星际文明,贫瘠位面,341,98.02,nan,0.0966,0.4282,1.0,96
S013,掠夺文明,星际文明,贫瘠位面,351,85.12,nan,0.1723,0.4507,1.0,103
S013,掠夺文明,星际文明,贫瘠位面,361,75.34,nan,0.2515,0.4744,1.0,108
S013,掠夺文明,星际文明,贫瘠位面,371,67.82,nan,0.1566,0.4518,1.0,111
S013,掠夺文明,星际文明,贫瘠位面,381,58.21,nan,0.1695,0.4512,1.0,118
S013,掠夺文明,星际文明,贫瘠位面,391,51.66,nan,0.1649,0.4527,1.0,124
S013,掠夺文明,星际文明,贫瘠位面,401,44.99,nan,0.0296,0.4097,1.0,130
S013,掠夺文明,星际文明,贫瘠位面,411,36.79,nan,0.0497,0.414,1.0,137
S013,掠夺文明,星际文明,贫瘠位面,421,29.28,nan,0.0282,0.4076,1.0,146
S013,掠夺文明,星际文明,贫瘠位面,431,25.76,nan,0.1008,0.4293,1.0,151
S013,掠夺文明,星际文明,贫瘠位面,441,22.34,nan,0.1767,0.452,1.0,157
S013,掠夺文明,星际文明,贫瘠位面,451,19.99,nan,0.0837,0.4242,1.0,160
S013,掠夺文明,星际文明,贫瘠位面,461,16.97,nan,0.066,0.4189,1.0,168
S013,掠夺文明,星际文明,贫瘠位面,471,14.78,nan,0.1403,0.4411,1.0,174
S013,掠夺文明,星际文明,贫瘠位面,481,12.49,nan,0.1223,0.4357,1.0,180
S013,掠夺文明,星际文明,贫瘠位面,491,10.97,nan,0.064,0.4187,1.0,186
S014,掠夺文明,星际文明,普通位面,1,10355.96,10.024,0.671,0.5309,0.1352,0
S014,掠夺文明,星际文明,普通位面,11,12650.74,10.4004,0.5811,0.5796,1.0,0
S014,掠夺文明,星际文明,普通位面,21,13718.7,11.0424,0.5781,0.5722,1.0,0
S014,掠夺文明,星际文明,普通位面,31,14818.21,12.0208,0.3716,0.5189,1.0,0
S014,掠夺文明,星际文明,普通位面,41,15564.67,13.3182,0.4065,0.5223,1.0,0
S014,掠夺文明,星际文明,普通位面,51,15999.7,15.0303,0.4195,0.5247,1.0,1
S014,掠夺文明,星际文明,普通位面,61,16070.29,17.3201,0.433,0.5289,1.0,4
S014,掠夺文明,星际文明,普通位面,71,16690.4,20.3121,0.4531,0.536,1.0,4
S014,掠夺文明,星际文明,普通位面,81,16898.78,24.1354,0.4037,0.52,1.0,6
S014,掠夺文明,星际文明,普通位面,91,17371.36,29.0793,0.3313,0.5017,1.0,8
S014,掠夺文明,星际文明,普通位面,101,17525.43,35.5073,0.3713,0.5115,1.0,11
S014,掠夺文明,星际文明,普通位面,111,17217.99,43.9601,0.1172,0.437,1.0,15
S014,掠夺文明,星际文明,普通位面,121,16402.71,54.6789,0.0394,0.4115,1.0,21
S014,掠夺文明,星际文明,普通位面,131,12415.41,70.1908,0.007,0.4016,1.0,29
S014,掠夺文明,星际文明,普通位面,141,10521.68,93.5278,0.0211,0.4054,1.0,37
S014,掠夺文明,星际文明,普通位面,151,9458.69,126.8051,0.0211,0.4055,1.0,45
S014,掠夺文明,星际文明,普通位面,161,8427.54,176.4437,0.007,0.4018,1.0,50
S014,掠夺文明,星际文明,普通位面,171,8088.45,253.2525,0.0282,0.4076,1.0,55
S014,掠夺文明,星际文明,普通位面,181,7636.65,377.2716,0.0,0.4023,1.0,60
S014,掠夺文明,星际文明,普通位面,191,7078.36,603.1146,0.007,0.4015,1.0,64
S014,掠夺文明,星际文明,普通位面,201,6598.57,1101.1875,0.0424,0.4118,1.0,71
S014,掠夺文明,星际文明,普通位面,211,6950.69,2283.4647,0.0317,0.409,1.0,78
S014,掠夺文明,星际文明,普通位面,221,6128.53,6426.8158,0.007,0.4015,1.0,86
S014,掠夺文明,星际文明,普通位面,231,5879.58,34549.8249,0.0282,0.4076,1.0,95
S014,掠夺文明,星际文明,普通位面,241,3277.59,3636714.1443,0.0,0.0109,1.0,103
S014,掠夺文明,星际文明,普通位面,251,1118.7,inf,0.0,0.0,1.0,109
S014,掠夺文明,星际文明,普通位面,261,736.42,nan,0.007,0.4016,1.0,116
S014,掠夺文明,星际文明,普通位面,271,587.98,nan,0.0568,0.4161,1.0,124
S014,掠夺文明,星际文明,普通位面,281,423.03,nan,0.0,0.4005,1.0,132
S014,掠夺文明,星际文明,普通位面,291,325.73,nan,0.0496,0.414,1.0,139
S014,掠夺文明,星际文明,普通位面,301,257.31,nan,0.0424,0.4118,1.0,144
S014,掠夺文明,星际文明,普通位面,311,193.41,nan,0.007,0.4018,1.0,151
S014,掠夺文明,星际文明,普通位面,321,131.76,nan,0.0,0.4002,1.0,160
S014,掠夺文明,星际文明,普通位面,331,105.74,nan,0.0333,0.4099,1.0,168
S014,掠夺文明,星际文明,普通位面,341,83.47,nan,0.014,0.4035,1.0,176
S014,掠夺文明,星际文明,普通位面,351,70.89,nan,0.0548,0.4156,1.0,183
S014,掠夺文明,星际文明,普通位面,361,55.12,nan,0.0008,0.4029,1.0,192
S014,掠夺文明,星际文明,普通位面,371,46.16,nan,0.0568,0.4161,1.0,197
S014,掠夺文明,星际文明,普通位面,381,35.01,nan,0.0,0.4042,1.0,204
S014,掠夺文明,星际文明,普通位面,391,27.75,nan,0.0,0.4022,1.0,213
S014,掠夺文明,星际文明,普通位面,401,19.98,nan,0.0141,0.4035,1.0,218
S014,掠夺文明,星际文明,普通位面,411,13.7,nan,0.007,0.4016,1.0,225
S014,掠夺文明,星际文明,普通位面,421,11.29,nan,0.0141,0.4038,1.0,230
S014,掠夺文明,星际文明,普通位面,431,8.03,nan,0.007,0.4016,1.0,238
S014,掠夺文明,星际文明,普通位面,441,5.72,nan,0.014,0.4034,1.0,246
S014,掠夺文明,星际文明,普通位面,451,3.99,nan,0.014,0.4035,1.0,253
S014,掠夺文明,星际文明,普通位面,461,3.41,nan,0.0223,0.4063,1.0,258
S014,掠夺文明,星际文明,普通位面,471,2.84,nan,0.0353,0.4097,1.0,263
S014,掠夺文明,星际文明,普通位面,481,2.18,nan,0.0353,0.4097,1.0,269
S014,掠夺文明,星际文明,普通位面,491,1.74,nan,0.0211,0.4055,1.0,274
S015,掠夺文明,星际文明,富饶位面,1,10378.24,10.024,0.671,0.5309,0.1262,0
S015,掠夺文明,星际文明,富饶位面,11,13478.37,10.3995,0.6787,0.6039,1.0,0
S015,掠夺文明,星际文明,富饶位面,21,16657.68,11.0705,0.6589,0.6034,1.0,0
S015,掠夺文明,星际文明,富饶位面,31,19877.09,12.0651,0.5742,0.5783,1.0,0
S015,掠夺文明,星际文明,富饶位面,41,22053.36,13.3303,0.4029,0.5198,1.0,3
S015,掠夺文明,星际文明,富饶位面,51,23306.17,14.8928,0.2612,0.4773,1.0,8
S015,掠夺文明,星际文明,富饶位面,61,24649.72,16.87,0.2396,0.4766,1.0,12
S015,掠夺文明,星际文明,富饶位面,71,25913.07,19.2637,0.1711,0.451,1.0,15
S015,掠夺文明,星际文明,富饶位面,81,25669.78,22.1653,0.0748,0.4228,1.0,23
S015,掠夺文明,星际文明,富饶位面,91,24215.71,25.7362,0.0749,0.4215,1.0,33
S015,掠夺文明,星际文明,富饶位面,101,24410.59,30.1318,0.007,0.402,1.0,39
S015,掠夺文明,星际文明,富饶位面,111,24485.62,35.3778,0.0353,0.4097,1.0,46
S015,掠夺文明,星际文明,富饶位面,121,23394.17,42.0358,0.0,0.4017,1.0,54
S015,掠夺文明,星际文明,富饶位面,131,21386.68,50.9701,0.007,0.4024,1.0,62
S015,掠夺文明,星际文明,富饶位面,141,20965.5,62.8909,0.0141,0.4038,1.0,69
S015,掠夺文明,星际文明,富饶位面,151,19667.49,78.7774,0.014,0.4034,1.0,75
S015,掠夺文明,星际文明,富饶位面,161,17618.94,100.9272,0.007,0.4015,1.0,81
S015,掠夺文明,星际文明,富饶位面,171,18329.08,132.6663,0.007,0.4019,1.0,87
S015,掠夺文明,星际文明,富饶位面,181,17745.03,179.5095,0.0424,0.4118,1.0,94
S015,掠夺文明,星际文明,富饶位面,191,18561.95,250.0558,0.0767,0.4221,1.0,103
S015,掠夺文明,星际文明,富饶位面,201,20363.79,363.1593,0.0261,0.4133,1.0,109
S015,掠夺文明,星际文明,富饶位面,211,21255.01,565.5338,0.0987,0.4287,1.0,117
S015,掠夺文明,星际文明,富饶位面,221,21822.85,975.9263,0.0354,0.4097,1.0,125
S015,掠夺文明,星际文明,富饶位面,231,24011.8,1948.7503,0.1083,0.4315,1.0,129
S015,掠夺文明,星际文明,富饶位面,241,23046.39,5108.4447,0.0211,0.4055,1.0,137
S015,掠夺文明,星际文明,富饶位面,251,21866.74,22949.7803,0.007,0.4018,1.0,145
S015,掠夺文明,星际文明,富饶位面,261,22930.83,615342.0857,0.0282,0.4076,1.0,151
S015,掠夺文明,星际文明,富饶位面,271,8228.74,1.3289564015132246e+79,0.0,0.0,1.0,160
S015,掠夺文明,星际文明,富饶位面,281,4535.12,nan,0.0266,0.4061,1.0,165
S015,掠夺文明,星际文明,富饶位面,291,3717.25,nan,0.0172,0.4055,1.0,172
S015,掠夺文明,星际文明,富饶位面,301,2788.24,nan,0.0,0.4005,1.0,179
S015,掠夺文明,星际文明,富饶位面,311,2358.93,nan,0.0713,0.4205,1.0,186
S015,掠夺文明,星际文明,富饶位面,321,2036.34,nan,0.0539,0.416,1.0,190
S015,掠夺文明,星际文明,富饶位面,331,1714.08,nan,0.08,0.4231,1.0,198
S015,掠夺文明,星际文明,富饶位面,341,1470.57,nan,0.1237,0.4361,1.0,204
S015,掠夺文明,星际文明,富饶位面,351,1289.79,nan,0.2006,0.4592,1.0,210
S015,掠夺文明,星际文明,富饶位面,361,1113.92,nan,0.0484,0.418,1.0,216
S015,掠夺文明,星际文明,富饶位面,371,880.75,nan,0.0282,0.4076,1.0,223
S015,掠夺文明,星际文明,富饶位面,381,713.24,nan,0.0283,0.4076,1.0,230
S015,掠夺文明,星际文明,富饶位面,391,558.8,nan,0.0211,0.4056,1.0,239
S015,掠夺文明,星际文明,富饶位面,401,419.91,nan,0.0282,0.4076,1.0,248
S015,掠夺文明,星际文明,富饶位面,411,315.46,nan,0.014,0.4034,1.0,256
S015,掠夺文明,星际文明,富饶位面,421,233.07,nan,0.0211,0.4055,1.0,264
S015,掠夺文明,星际文明,富饶位面,431,178.03,nan,0.0,0.4011,1.0,271
S015,掠夺文明,星际文明,富饶位面,441,145.75,nan,0.0353,0.4097,1.0,277
S015,掠夺文明,星际文明,富饶位面,451,118.36,nan,0.0212,0.4056,1.0,285
S015,掠夺文明,星际文明,富饶位面,461,83.99,nan,0.0282,0.4075,1.0,294
S015,掠夺文明,星际文明,富饶位面,471,65.25,nan,0.0211,0.4055,1.0,301
S015,掠夺文明,星际文明,富饶位面,481,56.26,nan,0.0382,0.412,1.0,306
S015,掠夺文明,星际文明,富饶位面,491,44.63,nan,0.0211,0.4055,1.0,312
S016,掠夺文明,星际文明,灾厄位面,1,10300.61,10.024,0.6044,0.5169,0.1412,0
S016,掠夺文明,星际文明,灾厄位面,11,11228.77,10.3454,0.3618,0.5125,1.0,0
S016,掠夺文明,星际文明,灾厄位面,21,10489.92,10.8742,0.2301,0.468,1.0,6
S016,掠夺文明,星际文明,灾厄位面,31,10001.04,11.6408,0.0,0.4,1.0,10
S016,掠夺文明,星际文明,灾厄位面,41,9202.7,12.6427,0.0,0.4004,1.0,17
S016,掠夺文明,星际文明,灾厄位面,51,8474.03,13.9362,0.014,0.4034,1.0,24
S016,掠夺文明,星际文明,灾厄位面,61,8220.76,15.549,0.0,0.4001,1.0,29
S016,掠夺文明,星际文明,灾厄位面,71,7824.21,17.4934,0.0,0.4002,1.0,34
S016,掠夺文明,星际文明,灾厄位面,81,7513.77,19.8404,0.0211,0.4055,1.0,39
S016,掠夺文明,星际文明,灾厄位面,91,7507.6,22.6519,0.0,0.401,1.0,43
S016,掠夺文明,星际文明,灾厄位面,101,7426.94,25.9773,0.007,0.4015,1.0,47
S016,掠夺文明,星际文明,灾厄位面,111,7156.12,30.0177,0.0,0.401,1.0,55
S016,掠夺文明,星际文明,灾厄位面,121,6601.64,35.1114,0.0,0.4005,1.0,62
S016,掠夺文明,星际文明,灾厄位面,131,5122.3,42.4495,0.0,0.4006,1.0,68
S016,掠夺文明,星际文明,灾厄位面,141,4080.88,53.1727,0.007,0.4015,1.0,74
S016,掠夺文明,星际文明,灾厄位面,151,3210.98,68.8448,0.007,0.4015,1.0,82
S016,掠夺文明,星际文明,灾厄位面,161,2272.19,92.3009,0.0,0.4,1.0,91
S016,掠夺文明,星际文明,灾厄位面,171,1806.67,130.5663,0.0,0.4005,1.0,98
S016,掠夺文明,星际文明,灾厄位面,181,1435.43,187.8494,0.0,0.4,1.0,107
S016,掠夺文明,星际文明,灾厄位面,191,1155.46,286.422,0.0,0.4,1.0,111
S016,掠夺文明,星际文明,灾厄位面,201,861.88,477.5316,0.0,0.4004,1.0,118
S016,掠夺文明,星际文明,灾厄位面,211,650.58,887.6859,0.0,0.4001,1.0,126
S016,掠夺文明,星际文明,灾厄位面,221,543.98,1895.1217,0.0,0.4,1.0,134
S016,掠夺文明,星际文明,灾厄位面,231,470.35,5320.5377,0.0015,0.4026,1.0,139
S016,掠夺文明,星际文明,灾厄位面,241,442.22,24737.3457,0.007,0.4022,1.0,147
S016,掠夺文明,星际文明,灾厄位面,251,265.76,982651.039,0.0,0.1201,1.0,155
S016,掠夺文明,星际文明,灾厄位面,261,90.34,1.5235498676899895e+130,0.0,0.0,1.0,162
S016,掠夺文明,星际文明,灾厄位面,271,44.7,nan,0.007,0.4012,1.0,170
S016,掠夺文明,星际文明,灾厄位面,281,27.25,nan,0.0,0.4,1.0,177
S016,掠夺文明,星际文明,灾厄位面,291,17.12,nan,0.007,0.4015,1.0,181
S016,掠夺文明,星际文明,灾厄位面,301,11.55,nan,0.007,0.4016,1.0,188
S016,掠夺文明,星际文明,灾厄位面,311,7.71,nan,0.0,0.4,1.0,195
S016,掠夺文明,星际文明,灾厄位面,321,4.89,nan,0.0,0.401,1.0,203
S016,掠夺文明,星际文明,灾厄位面,331,3.03,nan,0.007,0.4016,1.0,210
S016,掠夺文明,星际文明,灾厄位面,341,1.93,nan,0.0,0.4003,1.0,217
S016,掠夺文明,星际文明,灾厄位面,351,1.27,nan,0.0,0.4016,1.0,223
S016,掠夺文明,星际文明,灾厄位面,361,0.0,nan,0.007,0.4016,1.0,227
S016,掠夺文明,星际文明,灾厄位面,371,0.0,nan,0.007,0.4016,1.0,227
S016,掠夺文明,星际文明,灾厄位面,381,0.0,nan,0.007,0.4016,1.0,227
S016,掠夺文明,星际文明,灾厄位面,391,0.0,nan,0.007,0.4016,1.0,227
S016,掠夺文明,星际文明,灾厄位面,401,0.0,nan,0.007,0.4016,1.0,227
S016,掠夺文明,星际文明,灾厄位面,411,0.0,nan,0.007,0.4016,1.0,227
S016,掠夺文明,星际文明,灾厄位面,421,0.0,nan,0.007,0.4016,1.0,227
S016,掠夺文明,星际文明,灾厄位面,431,0.0,nan,0.007,0.4016,1.0,227
S016,掠夺文明,星际文明,灾厄位面,441,0.0,nan,0.007,0.4016,1.0,227
S016,掠夺文明,星际文明,灾厄位面,451,0.0,nan,0.007,0.4016,1.0,227
S016,掠夺文明,星际文明,灾厄位面,461,0.0,nan,0.007,0.4016,1.0,227
S016,掠夺文明,星际文明,灾厄位面,471,0.0,nan,0.007,0.4016,1.0,227
S016,掠夺文明,星际文明,灾厄位面,481,0.0,nan,0.007,0.4016,1.0,227
S016,掠夺文明,星际文明,灾厄位面,491,0.0,nan,0.007,0.4016,1.0,227
S017,锚点共生文明,小型部落,贫瘠位面,1,10.23,1.0037,0.709,0.4864,0.0,0
S017,锚点共生文明,小型部落,贫瘠位面,11,12.63,1.0536,1.0,0.8342,0.0,0
S017,锚点共生文明,小型部落,贫瘠位面,21,15.78,1.1295,1.0,0.8367,0.0,0
S017,锚点共生文明,小型部落,贫瘠位面,31,20.16,1.2328,1.0,0.8394,0.0,0
S017,锚点共生文明,小型部落,贫瘠位面,41,24.65,1.366,1.0,0.8427,0.0,0
S017,锚点共生文明,小型部落,贫瘠位面,51,30.57,1.5321,1.0,0.8466,0.0,0
S017,锚点共生文明,小型部落,贫瘠位面,61,37.69,1.7352,1.0,0.8512,0.0,0
S017,锚点共生文明,小型部落,贫瘠位面,71,46.48,1.9799,1.0,0.8564,0.0,0
S017,锚点共生文明,小型部落,贫瘠位面,81,59.55,2.2722,1.0,0.8621,0.0,0
S017,锚点共生文明,小型部落,贫瘠位面,91,73.02,2.6192,1.0,0.8683,0.0,0
S017,锚点共生文明,小型部落,贫瘠位面,101,83.99,3.0292,1.0,0.875,0.0,0
S017,锚点共生文明,小型部落,贫瘠位面,111,107.66,3.5122,1.0,0.882,0.0,0
S017,锚点共生文明,小型部落,贫瘠位面,121,133.3,4.0799,1.0,0.8894,0.0,0
S017,锚点共生文明,小型部落,贫瘠位面,131,160.98,4.7463,1.0,0.8969,0.0,0
S017,锚点共生文明,小型部落,贫瘠位面,141,190.44,5.5276,1.0,0.9045,0.0,0
S017,锚点共生文明,小型部落,贫瘠位面,151,243.12,6.4429,1.0,0.9121,0.0,0
S017,锚点共生文明,小型部落,贫瘠位面,161,284.21,7.5147,1.0,0.9196,0.0,0
S017,锚点共生文明,小型部落,贫瘠位面,171,339.29,8.7693,1.0,0.9269,0.0,0
S017,锚点共生文明,小型部落,贫瘠位面,181,407.57,10.2374,1.0,0.9339,0.0,0
S017,锚点共生文明,小型部落,贫瘠位面,191,487.38,11.9551,1.0,0.9406,0.0,0
S017,锚点共生文明,小型部落,贫瘠位面,201,557.84,13.9646,1.0,0.9469,0.0,0
S017,锚点共生文明,小型部落,贫瘠位面,211,665.36,16.315,1.0,0.9527,0.0,0
S017,锚点共生文明,小型部落,贫瘠位面,221,840.69,19.0642,1.0,0.9581,0.0,0
S017,锚点共生文明,小型部落,贫瘠位面,231,1030.74,22.2795,1.0,0.963,0.0,0
S017,锚点共生文明,小型部落,贫瘠位面,241,1183.87,26.0397,1.0,0.9675,0.0,0
S017,锚点共生文明,小型部落,贫瘠位面,251,1480.94,30.4372,1.0,0.9715,0.0,0
S017,锚点共生文明,小型部落,贫瘠位面,261,1727.16,35.5797,1.0,0.9751,0.0,0
S017,锚点共生文明,小型部落,贫瘠位面,271,2118.54,41.5932,1.0,0.9783,0.0,0
S017,锚点共生文明,小型部落,贫瘠位面,281,2139.3,48.6251,1.0,0.9812,0.0,0
S017,锚点共生文明,小型部落,贫瘠位面,291,2206.01,56.8478,1.0,0.9837,0.0,0
S017,锚点共生文明,小型部落,贫瘠位面,301,2347.19,66.4628,1.0,0.9859,0.0,0
S017,锚点共生文明,小型部落,贫瘠位面,311,2472.93,77.7056,1.0,0.9878,0.0,0
S017,锚点共生文明,小型部落,贫瘠位面,321,2731.66,90.8518,1.0,0.9895,0.0,0
S017,锚点共生文明,小型部落,贫瘠位面,331,2760.94,106.2234,1.0,0.9909,0.0,0
S017,锚点共生文明,小型部落,贫瘠位面,341,2918.13,124.197,1.0,0.9922,0.0,0
S017,锚点共生文明,小型部落,贫瘠位面,351,3212.5,145.2131,1.0,0.9933,0.0,0
S017,锚点共生文明,小型部落,贫瘠位面,361,3369.68,169.7863,1.0,0.9942,0.0,0
S017,锚点共生文明,小型部落,贫瘠位面,371,3573.24,198.5189,1.0,0.995,0.0,0
S017,锚点共生文明,小型部落,贫瘠位面,381,3429.31,232.1146,1.0,0.9957,0.0,0
S017,锚点共生文明,小型部落,贫瘠位面,391,3579.17,271.3719,1.0,0.8917,0.0,0
S017,锚点共生文明,小型部落,贫瘠位面,401,2589.75,313.863,1.0,0.6469,0.0,0
S017,锚点共生文明,小型部落,贫瘠位面,411,1909.74,362.9076,1.0,0.6473,0.0,0
S017,锚点共生文明,小型部落,贫瘠位面,421,1383.99,420.1131,1.0,0.6476,0.0,0
S017,锚点共生文明,小型部落,贫瘠位面,431,985.88,486.7391,1.0,0.6479,0.0,0
S017,锚点共生文明,小型部落,贫瘠位面,441,690.59,564.2935,1.0,0.6479,0.0,0
S017,锚点共生文明,小型部落,贫瘠位面,451,509.26,654.5167,1.0,0.6485,0.0,0
S017,锚点共生文明,小型部落,贫瘠位面,461,357.34,759.4344,0.9827,0.6445,0.0,0
S017,锚点共生文明,小型部落,贫瘠位面,471,245.95,881.2064,1.0,0.6483,0.0,0
S017,锚点共生文明,小型部落,贫瘠位面,481,158.23,1022.5874,0.966,0.6403,0.0,0
S017,锚点共生文明,小型部落,贫瘠位面,491,110.22,1186.5176,0.9868,0.6458,0.0,0
S018,锚点共生文明,小型部落,普通位面,1,9.74,1.0037,0.6723,0.4809,0.0,0
S018,锚点共生文明,小型部落,普通位面,11,11.5,1.0529,1.0,0.8313,0.0,0
S018,锚点共生文明,小型部落,普通位面,21,12.56,1.1275,1.0,0.8367,0.0,0
S018,锚点共生文明,小型部落,普通位面,31,14.72,1.2296,1.0,0.8393,0.0,0
S018,锚点共生文明,小型部落,普通位面,41,17.62,1.3615,1.0,0.8426,0.0,0
S018,锚点共生文明,小型部落,普通位面,51,21.65,1.5262,1.0,0.8465,0.0,0
S018,锚点共生文明,小型部落,普通位面,61,24.43,1.7277,1.0,0.851,0.0,0
S018,锚点共生文明,小型部落,普通位面,71,29.98,1.9707,1.0,0.8562,0.0,0
S018,锚点共生文明,小型部落,普通位面,81,36.51,2.2611,1.0,0.8619,0.0,0
S018,锚点共生文明,小型部落,普通位面,91,40.95,2.6058,1.0,0.8681,0.0,0
S018,锚点共生文明,小型部落,普通位面,101,43.13,3.0133,1.0,0.8748,0.0,0
S018,锚点共生文明,小型部落,普通位面,111,52.11,3.4933,1.0,0.8818,0.0,0
S018,锚点共生文明,小型部落,普通位面,121,59.68,4.0577,1.0,0.8891,0.0,0
S018,锚点共生文明,小型部落,普通位面,131,60.8,4.7201,1.0,0.8966,0.0,0
S018,锚点共生文明,小型部落,普通位面,141,69.3,5.4968,1.0,0.9042,0.0,0
S018,锚点共生文明,小型部落,普通位面,151,81.3,6.4068,1.0,0.9118,0.0,0
S018,锚点共生文明,小型部落,普通位面,161,103.89,7.4724,1.0,0.9193,0.0,0
S018,锚点共生文明,小型部落,普通位面,171,124.87,8.7197,1.0,0.9266,0.0,0
S018,锚点共生文明,小型部落,普通位面,181,150.4,10.1793,1.0,0.9337,0.0,0
S018,锚点共生文明,小型部落,普通位面,191,179.5,11.8871,1.0,0.9403,0.0,0
S018,锚点共生文明,小型部落,普通位面,201,215.11,13.885,1.0,0.9466,0.0,0
S018,锚点共生文明,小型部落,普通位面,211,254.77,16.2219,1.0,0.9525,0.0,0
S018,锚点共生文明,小型部落,普通位面,221,305.43,18.9553,1.0,0.9579,0.0,0
S018,锚点共生文明,小型部落,普通位面,231,364.08,22.1521,1.0,0.9629,0.0,0
S018,锚点共生文明,小型部落,普通位面,241,409.36,25.8908,1.0,0.9673,0.0,0
S018,锚点共生文明,小型部落,普通位面,251,479.77,30.263,1.0,0.9714,0.0,0
S018,锚点共生文明,小型部落,普通位面,261,595.15,35.3759,1.0,0.975,0.0,0
S018,锚点共生文明,小型部落,普通位面,271,708.92,41.3549,1.0,0.9782,0.0,0
S018,锚点共生文明,小型部落,普通位面,281,835.48,48.3465,1.0,0.9811,0.0,0
S018,锚点共生文明,小型部落,普通位面,291,975.51,56.522,1.0,0.9836,0.0,0
S018,锚点共生文明,小型部落,普通位面,301,1172.52,66.0818,1.0,0.9858,0.0,0
S018,锚点共生文明,小型部落,普通位面,311,1323.76,77.2601,1.0,0.9877,0.0,0
S018,锚点共生文明,小型部落,普通位面,321,1582.42,90.3309,1.0,0.9894,0.0,0
S018,锚点共生文明,小型部落,普通位面,331,1963.36,105.6143,1.0,0.9909,0.0,0
S018,锚点共生文明,小型部落,普通位面,341,2278.22,123.4848,1.0,0.9921,0.0,0
S018,锚点共生文明,小型部落,普通位面,351,2810.6,144.3803,1.0,0.9932,0.0,0
S018,锚点共生文明,小型部落,普通位面,361,3180.1,168.8126,1.0,0.9942,0.0,0
S018,锚点共生文明,小型部落,普通位面,371,4097.88,197.3803,1.0,0.995,0.0,0
S018,锚点共生文明,小型部落,普通位面,381,4885.06,230.7833,1.0,0.9957,0.0,0
S018,锚点共生文明,小型部落,普通位面,391,5234.82,269.84,1.0,0.9963,0.0,0
S018,锚点共生文明,小型部落,普通位面,401,6454.33,315.507,1.0,0.9968,0.0,0
S018,锚点共生文明,小型部落,普通位面,411,7341.51,368.9033,1.0,0.9973,0.0,0
S018,锚点共生文明,小型部落,普通位面,421,7970.59,431.3369,1.0,0.9977,0.0,0
S018,锚点共生文明,小型部落,普通位面,431,9188.52,504.3372,1.0,0.998,0.0,0
S018,锚点共生文明,小型部落,普通位面,441,7805.73,588.8431,0.9797,0.6818,0.0,0
S018,锚点共生文明,小型部落,普通位面,451,5129.96,680.1004,0.9677,0.6432,0.0,0
S018,锚点共生文明,小型部落,普通位面,461,3339.16,786.2188,0.9686,0.6408,0.0,0
S018,锚点共生文明,小型部落,普通位面,471,2271.22,909.3067,1.0,0.6475,0.0,0
S018,锚点共生文明,小型部落,普通位面,481,1514.79,1052.7193,0.9809,0.6443,0.0,0
S018,锚点共生文明,小型部落,普通位面,491,993.97,1219.2286,0.9873,0.6448,0.0,0
S019,锚点共生文明,小型部落,富饶位面,1,10.08,1.0037,0.6963,0.4845,0.0,0
S019,锚点共生文明,小型部落,富饶位面,11,11.99,1.0534,1.0,0.8337,0.0,0
S019,锚点共生文明,小型部落,富饶位面,21,14.79,1.129,1.0,0.8367,0.0,0
S019,锚点共生文明,小型部落,富饶位面,31,18.89,1.232,1.0,0.8393,0.0,0
S019,锚点共生文明,小型部落,富饶位面,41,23.5,1.3649,1.0,0.8426,0.0,0
S019,锚点共生文明,小型部落,富饶位面,51,28.16,1.5307,1.0,0.8466,0.0,0
S019,锚点共生文明,小型部落,富饶位面,61,35.15,1.7334,1.0,0.8512,0.0,0
S019,锚点共生文明,小型部落,富饶位面,71,44.12,1.9777,1.0,0.8563,0.0,0
S019,锚点共生文明,小型部落,富饶位面,81,51.49,2.2696,1.0,0.862,0.0,0
S019,锚点共生文明,小型部落,富饶位面,91,60.8,2.616,1.0,0.8683,0.0,0
S019,锚点共生文明,小型部落,富饶位面,101,77.21,3.0254,1.0,0.8749,0.0,0
S019,锚点共生文明,小型部落,富饶位面,111,92.93,3.5076,1.0,0.882,0.0,0
S019,锚点共生文明,小型部落,富饶位面,121,100.18,4.0746,1.0,0.8893,0.0,0
S019,锚点共生文明,小型部落,富饶位面,131,122.5,4.74,1.0,0.8968,0.0,0
S019,锚点共生文明,小型部落,富饶位面,141,153.79,5.5202,1.0,0.9044,0.0,0
S019,锚点共生文明,小型部落,富饶位面,151,173.13,6.4342,1.0,0.912,0.0,0
S019,锚点共生文明,小型部落,富饶位面,161,195.08,7.5045,1.0,0.9195,0.0,0
S019,锚点共生文明,小型部落,富饶位面,171,209.56,8.7574,1.0,0.9268,0.0,0
S019,锚点共生文明,小型部落,富饶位面,181,245.27,10.2234,1.0,0.9339,0.0,0
S019,锚点共生文明,小型部落,富饶位面,191,305.35,11.9388,1.0,0.9405,0.0,0
S019,锚点共生文明,小型部落,富饶位面,201,354.27,13.9454,1.0,0.9468,0.0,0
S019,锚点共生文明,小型部落,富饶位面,211,405.18,16.2926,1.0,0.9527,0.0,0
S019,锚点共生文明,小型部落,富饶位面,221,504.43,19.0379,1.0,0.9581,0.0,0
S019,锚点共生文明,小型部落,富饶位面,231,583.87,22.2488,1.0,0.963,0.0,0
S019,锚点共生文明,小型部落,富饶位面,241,689.1,26.0039,1.0,0.9675,0.0,0
S019,锚点共生文明,小型部落,富饶位面,251,861.88,30.3952,1.0,0.9715,0.0,0
S019,锚点共生文明,小型部落,富饶位面,261,1029.77,35.5306,1.0,0.9751,0.0,0
S019,锚点共生文明,小型部落,富饶位面,271,1188.65,41.5358,1.0,0.9783,0.0,0
S019,锚点共生文明,小型部落,富饶位面,281,1413.28,48.558,1.0,0.9811,0.0,0
S019,锚点共生文明,小型部落,富饶位面,291,1679.36,56.7693,1.0,0.9837,0.0,0
S019,锚点共生文明,小型部落,富饶位面,301,1891.31,66.371,1.0,0.9859,0.0,0
S019,锚点共生文明,小型部落,富饶位面,311,2198.83,77.5983,1.0,0.9878,0.0,0
S019,锚点共生文明,小型部落,富饶位面,321,2724.8,90.7263,1.0,0.9894,0.0,0
S019,锚点共生文明,小型部落,富饶位面,331,3255.28,106.0767,1.0,0.9909,0.0,0
S019,锚点共生文明,小型部落,富饶位面,341,4037.7,124.0254,1.0,0.9922,0.0,0
S019,锚点共生文明,小型部落,富饶位面,351,4527.41,145.0124,1.0,0.9933,0.0,0
S019,锚点共生文明,小型部落,富饶位面,361,5536.81,169.5517,1.0,0.9942,0.0,0
S019,锚点共生文明,小型部落,富饶位面,371,6648.45,198.2446,1.0,0.995,0.0,0
S019,锚点共生文明,小型部落,富饶位面,381,8466.38,231.7939,1.0,0.9957,0.0,0
S019,锚点共生文明,小型部落,富饶位面,391,10224.42,271.0216,1.0,0.9963,0.0,0
S019,锚点共生文明,小型部落,富饶位面,401,12542.09,316.8886,1.0,0.9969,0.0,0
S019,锚点共生文明,小型部落,富饶位面,411,15214.56,370.5187,1.0,0.9973,0.0,0
S019,锚点共生文明,小型部落,富饶位面,421,18330.09,433.2257,1.0,0.9977,0.0,0
S019,锚点共生文明,小型部落,富饶位面,431,23392.88,506.5457,1.0,0.998,0.0,0
S019,锚点共生文明,小型部落,富饶位面,441,25796.47,592.275,1.0,0.9983,0.0,0
S019,锚点共生文明,小型部落,富饶位面,451,26385.08,692.5138,1.0,0.9986,0.0,0
S019,锚点共生文明,小型部落,富饶位面,461,29191.76,809.7178,1.0,0.9988,0.0,0
S019,锚点共生文明,小型部落,富饶位面,471,29414.9,946.758,1.0,0.9989,0.0,0
S019,锚点共生文明,小型部落,富饶位面,481,30717.12,1106.9919,1.0,0.9991,0.0,0
S019,锚点共生文明,小型部落,富饶位面,491,21339.4,1282.9017,0.9926,0.6467,0.0,0
S020,锚点共生文明,小型部落,灾厄位面,1,10.24,1.0037,0.709,0.4864,0.0,0
S020,锚点共生文明,小型部落,灾厄位面,11,10.67,1.053,0.9739,0.8236,0.0,0
S020,锚点共生文明,小型部落,灾厄位面,21,11.86,1.1274,1.0,0.8366,0.0,0
S020,锚点共生文明,小型部落,灾厄位面,31,13.09,1.2293,1.0,0.8393,0.0,0
S020,锚点共生文明,小型部落,灾厄位面,41,14.31,1.361,1.0,0.8426,0.0,0
S020,锚点共生文明,小型部落,灾厄位面,51,14.38,1.5255,1.0,0.8465,0.0,0
S020,锚点共生文明,小型部落,灾厄位面,61,13.95,1.7267,1.0,0.851,0.0,0
S020,锚点共生文明,小型部落,灾厄位面,71,14.01,1.9695,1.0,0.8562,0.0,0
S020,锚点共生文明,小型部落,灾厄位面,81,14.49,2.2596,1.0,0.8619,0.0,0
S020,锚点共生文明,小型部落,灾厄位面,91,14.85,2.604,1.0,0.8681,0.0,0
S020,锚点共生文明,小型部落,灾厄位面,101,14.66,3.0111,1.0,0.8747,0.0,0
S020,锚点共生文明,小型部落,灾厄位面,111,15.93,3.4907,1.0,0.8817,0.0,0
S020,锚点共生文明,小型部落,灾厄位面,121,16.19,4.0546,1.0,0.8891,0.0,0
S020,锚点共生文明,小型部落,灾厄位面,131,17.28,4.7164,1.0,0.8966,0.0,0
S020,锚点共生文明,小型部落,灾厄位面,141,16.27,5.4925,1.0,0.9042,0.0,0
S020,锚点共生文明,小型部落,灾厄位面,151,17.6,6.4017,1.0,0.9118,0.0,0
S020,锚点共生文明,小型部落,灾厄位面,161,17.76,7.4664,1.0,0.9193,0.0,0
S020,锚点共生文明,小型部落,灾厄位面,171,17.21,8.7127,1.0,0.9266,0.0,0
S020,锚点共生文明,小型部落,灾厄位面,181,18.71,10.1711,1.0,0.9336,0.0,0
S020,锚点共生文明,小型部落,灾厄位面,191,19.28,11.8775,1.0,0.9403,0.0,0
S020,锚点共生文明,小型部落,灾厄位面,201,20.4,13.8738,1.0,0.9466,0.0,0
S020,锚点共生文明,小型部落,灾厄位面,211,21.84,16.2088,1.0,0.9525,0.0,0
S020,锚点共生文明,小型部落,灾厄位面,221,22.35,18.9399,1.0,0.9579,0.0,0
S020,锚点共生文明,小型部落,灾厄位面,231,24.48,22.1341,1.0,0.9628,0.0,0
S020,锚点共生文明,小型部落,灾厄位面,241,24.84,25.8697,1.0,0.9673,0.0,0
S020,锚点共生文明,小型部落,灾厄位面,251,27.4,30.2384,1.0,0.9714,0.0,0
S020,锚点共生文明,小型部落,灾厄位面,261,30.31,35.3471,1.0,0.975,0.0,0
S020,锚点共生文明,小型部落,灾厄位面,271,31.39,41.3212,1.0,0.9782,0.0,0
S020,锚点共生文明,小型部落,灾厄位面,281,33.18,48.3071,1.0,0.9811,0.0,0
S020,锚点共生文明,小型部落,灾厄位面,291,32.24,56.4759,1.0,0.9836,0.0,0
S020,锚点共生文明,小型部落,灾厄位面,301,33.93,66.028,1.0,0.9858,0.0,0
S020,锚点共生文明,小型部落,灾厄位面,311,34.39,77.1972,1.0,0.9877,0.0,0
S020,锚点共生文明,小型部落,灾厄位面,321,35.94,90.2573,1.0,0.9894,0.0,0
S020,锚点共生文明,小型部落,灾厄位面,331,40.19,105.5282,1.0,0.9909,0.0,0
S020,锚点共生文明,小型部落,灾厄位面,341,39.47,123.3842,1.0,0.9921,0.0,0
S020,锚点共生文明,小型部落,灾厄位面,351,42.29,144.2626,1.0,0.9932,0.0,0
S020,锚点共生文明,小型部落,灾厄位面,361,48.0,168.675,1.0,0.9942,0.0,0
S020,锚点共生文明,小型部落,灾厄位面,371,51.14,197.2194,1.0,0.995,0.0,0
S020,锚点共生文明,小型部落,灾厄位面,381,53.13,230.5952,1.0,0.9957,0.0,0
S020,锚点共生文明,小型部落,灾厄位面,391,57.74,269.62,1.0,0.9963,0.0,0
S020,锚点共生文明,小型部落,灾厄位面,401,58.64,315.2498,1.0,0.9968,0.0,0
S020,锚点共生文明,小型部落,灾厄位面,411,60.76,368.6025,1.0,0.9973,0.0,0
S020,锚点共生文明,小型部落,灾厄位面,421,67.9,430.9852,1.0,0.9977,0.0,0
S020,锚点共生文明,小型部落,灾厄位面,431,68.01,503.9261,1.0,0.998,0.0,0
S020,锚点共生文明,小型部落,灾厄位面,441,65.47,589.212,1.0,0.9983,0.0,0
S020,锚点共生文明,小型部落,灾厄位面,451,39.44,682.9956,0.933,0.6324,0.0,0
S020,锚点共生文明,小型部落,灾厄位面,461,24.09,787.9117,0.8882,0.6216,0.0,0
S020,锚点共生文明,小型部落,灾厄位面,471,13.69,907.691,0.7924,0.5988,0.0,0
S020,锚点共生文明,小型部落,灾厄位面,481,7.68,1042.5467,0.6871,0.5733,0.0,0
S020,锚点共生文明,小型部落,灾厄位面,491,4.63,1192.2675,0.6333,0.5581,0.0,0
S021,锚点共生文明,城邦文明,贫瘠位面,1,102.4,3.0112,0.709,0.5115,0.0,0
S021,锚点共生文明,城邦文明,贫瘠位面,11,130.5,3.1626,1.0,0.8768,0.0,0
S021,锚点共生文明,城邦文明,贫瘠位面,21,160.36,3.393,1.0,0.8806,0.0,0
S021,锚点共生文明,城邦文明,贫瘠位面,31,205.32,3.7069,1.0,0.8848,0.0,0
S021,锚点共生文明,城邦文明,贫瘠位面,41,252.49,4.1117,1.0,0.8899,0.0,0
S021,锚点共生文明,城邦文明,贫瘠位面,51,299.46,4.617,1.0,0.8956,0.0,0
S021,锚点共生文明,城邦文明,贫瘠位面,61,381.84,5.2351,1.0,0.9019,0.0,0
S021,锚点共生文明,城邦文明,贫瘠位面,71,478.79,5.9808,1.0,0.9085,0.0,0
S021,锚点共生文明,城邦文明,贫瘠位面,81,593.81,6.8723,1.0,0.9153,0.0,0
S021,锚点共生文明,城邦文明,贫瘠位面,91,739.19,7.9314,1.0,0.9222,0.0,0
S021,锚点共生文明,城邦文明,贫瘠位面,101,943.51,9.1839,1.0,0.929,0.0,0
S021,锚点共生文明,城邦文明,贫瘠位面,111,1124.27,10.6606,1.0,0.9357,0.0,0
S021,锚点共生文明,城邦文明,贫瘠位面,121,1328.39,12.3976,1.0,0.9421,0.0,0
S021,锚点共生文明,城邦文明,贫瘠位面,131,1528.9,14.4375,1.0,0.9482,0.0,0
S021,锚点共生文明,城邦文明,贫瘠位面,141,1875.23,16.8303,1.0,0.9538,0.0,0
S021,锚点共生文明,城邦文明,贫瘠位面,151,1974.35,19.6347,1.0,0.9591,0.0,0
S021,锚点共生文明,城邦文明,贫瘠位面,161,2084.04,22.9193,1.0,0.9639,0.0,0
S021,锚点共生文明,城邦文明,贫瘠位面,171,2056.46,26.7649,1.0,0.9682,0.0,0
S021,锚点共生文明,城邦文明,贫瘠位面,181,2087.38,31.2656,1.0,0.9722,0.0,0
S021,锚点共生文明,城邦文明,贫瘠位面,191,2134.49,36.5317,1.0,0.9757,0.0,0
S021,锚点共生文明,城邦文明,贫瘠位面,201,2321.56,42.6923,1.0,0.9788,0.0,0
S021,锚点共生文明,城邦文明,贫瘠位面,211,2185.71,49.8984,1.0,0.9816,0.0,0
S021,锚点共生文明,城邦文明,贫瘠位面,221,2222.41,58.3266,1.0,0.9841,0.0,0
S021,锚点共生文明,城邦文明,贫瘠位面,231,2394.91,68.1833,1.0,0.9862,0.0,0
S021,锚点共生文明,城邦文明,贫瘠位面,241,2462.72,79.7101,1.0,0.9881,0.0,0
S021,锚点共生文明,城邦文明,贫瘠位面,251,2693.67,93.1894,1.0,0.9897,0.0,0
S021,锚点共生文明,城邦文明,贫瘠位面,261,2913.29,108.9515,1.0,0.9911,0.0,0
S021,锚点共生文明,城邦文明,贫瘠位面,271,3099.79,127.3825,1.0,0.9924,0.0,0
S021,锚点共生文明,城邦文明,贫瘠位面,281,3269.31,148.9339,1.0,0.9934,0.0,0
S021,锚点共生文明,城邦文明,贫瘠位面,291,3548.63,174.1338,1.0,0.9944,0.0,0
S021,锚点共生文明,城邦文明,贫瘠位面,301,3853.82,203.5995,1.0,0.9952,0.0,0
S021,锚点共生文明,城邦文明,贫瘠位面,311,3973.29,238.0528,1.0,0.9958,0.0,0
S021,锚点共生文明,城邦文明,贫瘠位面,321,3851.22,278.3379,1.0,0.9964,0.0,0
S021,锚点共生文明,城邦文明,贫瘠位面,331,3618.47,324.705,1.0,0.6685,0.0,0
S021,锚点共生文明,城邦文明,贫瘠位面,341,2432.66,374.9464,1.0,0.6472,0.0,0
S021,锚点共生文明,城邦文明,贫瘠位面,351,1680.24,433.5134,1.0,0.6476,0.0,0
S021,锚点共生文明,城邦文明,贫瘠位面,361,1091.71,501.7514,0.9779,0.6445,0.0,0
S021,锚点共生文明,城邦文明,贫瘠位面,371,780.23,581.1983,1.0,0.6483,0.0,0
S021,锚点共生文明,城邦文明,贫瘠位面,381,575.36,673.7216,1.0,0.6485,0.0,0
S021,锚点共生文明,城邦文明,贫瘠位面,391,424.28,781.385,1.0,0.6487,0.0,0
S021,锚点共生文明,城邦文明,贫瘠位面,401,289.53,906.5653,0.9815,0.6445,0.0,0
S021,锚点共生文明,城邦文明,贫瘠位面,411,194.09,1051.93,0.9752,0.643,0.0,0
S021,锚点共生文明,城邦文明,贫瘠位面,421,137.69,1220.6327,1.0,0.6491,0.0,0
S021,锚点共生文明,城邦文明,贫瘠位面,431,98.46,1416.7862,1.0,0.6492,0.0,0
S021,锚点共生文明,城邦文明,贫瘠位面,441,67.45,1644.4994,1.0,0.6489,0.0,0
S021,锚点共生文明,城邦文明,贫瘠位面,451,49.74,1909.0501,1.0,0.6495,0.0,0
S021,锚点共生文明,城邦文明,贫瘠位面,461,34.38,2216.4317,0.9892,0.6466,0.0,0
S021,锚点共生文明,城邦文明,贫瘠位面,471,23.68,2573.0356,1.0,0.6493,0.0,0
S021,锚点共生文明,城邦文明,贫瘠位面,481,15.92,2987.1144,0.9791,0.6444,0.0,0
S021,锚点共生文明,城邦文明,贫瘠位面,491,11.74,3467.6553,1.0,0.6497,0.0,0
S022,锚点共生文明,城邦文明,普通位面,1,102.28,3.0112,0.709,0.5115,0.0,0
S022,锚点共生文明,城邦文明,普通位面,11,125.79,3.1624,1.0,0.8768,0.0,0
S022,锚点共生文明,城邦文明,普通位面,21,141.28,3.3923,1.0,0.8806,0.0,0
S022,锚点共生文明,城邦文明,普通位面,31,162.59,3.7058,1.0,0.8848,0.0,0
S022,锚点共生文明,城邦文明,普通位面,41,195.09,4.1102,1.0,0.8899,0.0,0
S022,锚点共生文明,城邦文明,普通位面,51,216.76,4.615,1.0,0.8956,0.0,0
S022,锚点共生文明,城邦文明,普通位面,61,270.42,5.2326,1.0,0.9018,0.0,0
S022,锚点共生文明,城邦文明,普通位面,71,281.55,5.9777,1.0,0.9085,0.0,0
S022,锚点共生文明,城邦文明,普通位面,81,344.41,6.8685,1.0,0.9153,0.0,0
S022,锚点共生文明,城邦文明,普通位面,91,346.3,7.9269,1.0,0.9222,0.0,0
S022,锚点共生文明,城邦文明,普通位面,101,404.72,9.1785,1.0,0.929,0.0,0
S022,锚点共生文明,城邦文明,普通位面,111,466.5,10.6542,1.0,0.9357,0.0,0
S022,锚点共生文明,城邦文明,普通位面,121,580.5,12.3901,1.0,0.9421,0.0,0
S022,锚点共生文明,城邦文明,普通位面,131,669.58,14.4286,1.0,0.9481,0.0,0
S022,锚点共生文明,城邦文明,普通位面,141,787.43,16.8199,1.0,0.9538,0.0,0
S022,锚点共生文明,城邦文明,普通位面,151,862.7,19.6224,1.0,0.9591,0.0,0
S022,锚点共生文明,城邦文明,普通位面,161,1016.71,22.905,1.0,0.9639,0.0,0
S022,锚点共生文明,城邦文明,普通位面,171,1129.78,26.7481,1.0,0.9682,0.0,0
S022,锚点共生文明,城邦文明,普通位面,181,1198.46,31.2459,1.0,0.9722,0.0,0
S022,锚点共生文明,城邦文明,普通位面,191,1453.89,36.5087,1.0,0.9757,0.0,0
S022,锚点共生文明,城邦文明,普通位面,201,1802.4,42.6654,1.0,0.9788,0.0,0
S022,锚点共生文明,城邦文明,普通位面,211,2080.61,49.8669,1.0,0.9816,0.0,0
S022,锚点共生文明,城邦文明,普通位面,221,2512.71,58.2897,1.0,0.984,0.0,0
S022,锚点共生文明,城邦文明,普通位面,231,2866.2,68.1402,1.0,0.9862,0.0,0
S022,锚点共生文明,城邦文明,普通位面,241,3206.39,79.6597,1.0,0.9881,0.0,0
S022,锚点共生文明,城邦文明,普通位面,251,3316.73,93.1305,1.0,0.9897,0.0,0
S022,锚点共生文明,城邦文明,普通位面,261,3927.45,108.8826,1.0,0.9911,0.0,0
S022,锚点共生文明,城邦文明,普通位面,271,4519.58,127.3019,1.0,0.9924,0.0,0
S022,锚点共生文明,城邦文明,普通位面,281,5041.1,148.8397,1.0,0.9934,0.0,0
S022,锚点共生文明,城邦文明,普通位面,291,5811.45,174.0237,1.0,0.9944,0.0,0
S022,锚点共生文明,城邦文明,普通位面,301,6181.64,203.4707,1.0,0.9952,0.0,0
S022,锚点共生文明,城邦文明,普通位面,311,7451.71,237.9023,1.0,0.9958,0.0,0
S022,锚点共生文明,城邦文明,普通位面,321,8466.54,278.1619,1.0,0.9964,0.0,0
S022,锚点共生文明,城邦文明,普通位面,331,8654.51,325.2359,1.0,0.9969,0.0,0
S022,锚点共生文明,城邦文明,普通位面,341,8868.22,380.2773,1.0,0.9974,0.0,0
S022,锚点共生文明,城邦文明,普通位面,351,9252.8,444.6348,1.0,0.9978,0.0,0
S022,锚点共生文明,城邦文明,普通位面,361,9629.41,519.8848,1.0,0.9981,0.0,0
S022,锚点共生文明,城邦文明,普通位面,371,9196.88,607.8709,1.0,0.9984,0.0,0
S022,锚点共生文明,城邦文明,普通位面,381,8767.99,710.7485,1.0,0.8271,0.0,0
S022,锚点共生文明,城邦文明,普通位面,391,5559.86,821.0595,0.9733,0.6407,0.0,0
S022,锚点共生文明,城邦文明,普通位面,401,3693.78,948.3449,0.9888,0.6455,0.0,0
S022,锚点共生文明,城邦文明,普通位面,411,2507.72,1096.7278,0.9946,0.6482,0.0,0
S022,锚点共生文明,城邦文明,普通位面,421,1670.11,1269.6294,0.9846,0.6454,0.0,0
S022,锚点共生文明,城邦文明,普通位面,431,1021.69,1469.5304,0.9416,0.6338,0.0,0
S022,锚点共生文明,城邦文明,普通位面,441,672.21,1700.0871,0.9503,0.6374,0.0,0
S022,锚点共生文明,城邦文明,普通位面,451,428.41,1966.8097,0.9359,0.6357,0.0,0
S022,锚点共生文明,城邦文明,普通位面,461,286.45,2274.5488,0.9559,0.6379,0.0,0
S022,锚点共生文明,城邦文明,普通位面,471,196.03,2631.5724,0.9923,0.6464,0.0,0
S022,锚点共生文明,城邦文明,普通位面,481,121.55,3046.8869,0.941,0.6366,0.0,0
S022,锚点共生文明,城邦文明,普通位面,491,88.05,3528.0953,1.0,0.6496,0.0,0
S023,锚点共生文明,城邦文明,富饶位面,1,102.48,3.0112,0.709,0.5115,0.0,0
S023,锚点共生文明,城邦文明,富饶位面,11,124.09,3.162,1.0,0.8765,0.0,0
S023,锚点共生文明,城邦文明,富饶位面,21,151.24,3.3913,1.0,0.8806,0.0,0
S023,锚点共生文明,城邦文明,富饶位面,31,194.58,3.7042,1.0,0.8848,0.0,0
S023,锚点共生文明,城邦文明,富饶位面,41,238.03,4.1079,1.0,0.8898,0.0,0
S023,锚点共生文明,城邦文明,富饶位面,51,263.44,4.6121,1.0,0.8956,0.0,0
S023,锚点共生文明,城邦文明,富饶位面,61,327.51,5.2288,1.0,0.9018,0.0,0
S023,锚点共生文明,城邦文明,富饶位面,71,396.24,5.973,1.0,0.9084,0.0,0
S023,锚点共生文明,城邦文明,富饶位面,81,487.74,6.8629,1.0,0.9152,0.0,0
S023,锚点共生文明,城邦文明,富饶位面,91,584.97,7.9201,1.0,0.9221,0.0,0
S023,锚点共生文明,城邦文明,富饶位面,101,686.67,9.1704,1.0,0.929,0.0,0
S023,锚点共生文明,城邦文明,富饶位面,111,845.8,10.6446,1.0,0.9356,0.0,0
S023,锚点共生文明,城邦文明,富饶位面,121,1034.57,12.3787,1.0,0.942,0.0,0
S023,锚点共生文明,城邦文明,富饶位面,131,1238.34,14.4153,1.0,0.9481,0.0,0
S023,锚点共生文明,城邦文明,富饶位面,141,1493.14,16.8042,1.0,0.9538,0.0,0
S023,锚点共生文明,城邦文明,富饶位面,151,1759.3,19.604,1.0,0.959,0.0,0
S023,锚点共生文明,城邦文明,富饶位面,161,2094.67,22.8835,1.0,0.9638,0.0,0
S023,锚点共生文明,城邦文明,富饶位面,171,2540.06,26.7228,1.0,0.9682,0.0,0
S023,锚点共生文明,城邦文明,富饶位面,181,3085.69,31.2163,1.0,0.9721,0.0,0
S023,锚点共生文明,城邦文明,富饶位面,191,3949.43,36.4741,1.0,0.9757,0.0,0
S023,锚点共生文明,城邦文明,富饶位面,201,4759.51,42.6249,1.0,0.9788,0.0,0
S023,锚点共生文明,城邦文明,富饶位面,211,6074.82,49.8195,1.0,0.9816,0.0,0
S023,锚点共生文明,城邦文明,富饶位面,221,7216.32,58.2343,1.0,0.984,0.0,0
S023,锚点共生文明,城邦文明,富饶位面,231,8156.06,68.0753,1.0,0.9862,0.0,0
S023,锚点共生文明,城邦文明,富饶位面,241,10416.8,79.5839,1.0,0.9881,0.0,0
S023,锚点共生文明,城邦文明,富饶位面,251,12766.64,93.0418,1.0,0.9897,0.0,0
S023,锚点共生文明,城邦文明,富饶位面,261,15081.75,108.7788,1.0,0.9911,0.0,0
S023,锚点共生文明,城邦文明,富饶位面,271,17894.04,127.1806,1.0,0.9924,0.0,0
S023,锚点共生文明,城邦文明,富饶位面,281,21806.78,148.6978,1.0,0.9934,0.0,0
S023,锚点共生文明,城邦文明,富饶位面,291,23018.96,173.8577,1.0,0.9944,0.0,0
S023,锚点共生文明,城邦文明,富饶位面,301,24360.76,203.2767,1.0,0.9951,0.0,0
S023,锚点共生文明,城邦文明,富饶位面,311,25698.69,237.6754,1.0,0.9958,0.0,0
S023,锚点共生文明,城邦文明,富饶位面,321,26338.37,277.8966,1.0,0.9964,0.0,0
S023,锚点共生文明,城邦文明,富饶位面,331,29061.37,324.9257,1.0,0.9969,0.0,0
S023,锚点共生文明,城邦文明,富饶位面,341,30423.73,379.9146,1.0,0.9974,0.0,0
S023,锚点共生文明,城邦文明,富饶位面,351,29984.38,444.2107,1.0,0.9978,0.0,0
S023,锚点共生文明,城邦文明,富饶位面,361,30573.16,519.3889,1.0,0.9981,0.0,0
S023,锚点共生文明,城邦文明,富饶位面,371,32163.03,607.2911,1.0,0.9983,0.0,0
S023,锚点共生文明,城邦文明,富饶位面,381,33418.77,710.0706,1.0,0.9986,0.0,0
S023,锚点共生文明,城邦文明,富饶位面,391,36851.81,830.2453,1.0,0.9988,0.0,0
S023,锚点共生文明,城邦文明,富饶位面,401,40742.29,970.7593,1.0,0.999,0.0,0
S023,锚点共生文明,城邦文明,富饶位面,411,32439.3,1129.9388,1.0,0.7993,1.0,0
S023,锚点共生文明,城邦文明,富饶位面,421,24619.71,1312.5617,1.0,0.7992,1.0,0
S023,锚点共生文明,城邦文明,富饶位面,431,19287.11,1525.8118,1.0,0.799,1.0,0
S023,锚点共生文明,城邦文明,富饶位面,441,14266.56,1762.0536,0.9361,0.4368,1.0,0
S023,锚点共生文明,城邦文明,富饶位面,451,9857.48,2021.5553,0.8596,0.4149,1.0,0
S023,锚点共生文明,城邦文明,富饶位面,461,6845.39,2315.5811,0.7863,0.3966,1.0,0
S023,锚点共生文明,城邦文明,富饶位面,471,4920.07,2646.1952,0.7379,0.3846,1.0,0
S023,锚点共生文明,城邦文明,富饶位面,481,3360.61,3015.104,0.6533,0.3635,1.0,0
S023,锚点共生文明,城邦文明,富饶位面,491,2378.63,3421.4241,0.594,0.3487,1.0,0
S024,锚点共生文明,城邦文明,灾厄位面,1,102.63,3.0112,0.709,0.5115,0.0,0
S024,锚点共生文明,城邦文明,灾厄位面,11,111.97,3.161,1.0,0.8719,0.0,0
S024,锚点共生文明,城邦文明,灾厄位面,21,126.21,3.3878,1.0,0.8805,0.0,0
S024,锚点共生文明,城邦文明,灾厄位面,31,122.05,3.6981,1.0,0.8847,0.0,0
S024,锚点共生文明,城邦文明,灾厄位面,41,128.95,4.099,1.0,0.8897,0.0,0
S024,锚点共生文明,城邦文明,灾厄位面,51,126.96,4.6003,1.0,0.8954,0.0,0
S024,锚点共生文明,城邦文明,灾厄位面,61,132.71,5.2138,1.0,0.9017,0.0,0
S024,锚点共生文明,城邦文明,灾厄位面,71,137.58,5.9545,1.0,0.9083,0.0,0
S024,锚点共生文明,城邦文明,灾厄位面,81,136.0,6.8403,1.0,0.9151,0.0,0
S024,锚点共生文明,城邦文明,灾厄位面,91,147.13,7.893,1.0,0.922,0.0,0
S024,锚点共生文明,城邦文明,灾厄位面,101,147.54,9.1381,1.0,0.9288,0.0,0
S024,锚点共生文明,城邦文明,灾厄位面,111,155.34,10.6063,1.0,0.9355,0.0,0
S024,锚点共生文明,城邦文明,灾厄位面,121,159.84,12.3335,1.0,0.9419,0.0,0
S024,锚点共生文明,城邦文明,灾厄位面,131,176.8,14.362,1.0,0.948,0.0,0
S024,锚点共生文明,城邦文明,灾厄位面,141,178.22,16.7415,1.0,0.9536,0.0,0
S024,锚点共生文明,城邦文明,灾厄位面,151,202.71,19.5305,1.0,0.9589,0.0,0
S024,锚点共生文明,城邦文明,灾厄位面,161,221.91,22.7972,1.0,0.9637,0.0,0
S024,锚点共生文明,城邦文明,灾厄位面,171,240.69,26.6218,1.0,0.9681,0.0,0
S024,锚点共生文明,城邦文明,灾厄位面,181,247.85,31.098,1.0,0.972,0.0,0
S024,锚点共生文明,城邦文明,灾厄位面,191,243.81,36.3355,1.0,0.9756,0.0,0
S024,锚点共生文明,城邦文明,灾厄位面,201,242.66,42.4627,1.0,0.9787,0.0,0
S024,锚点共生文明,城邦文明,灾厄位面,211,239.23,49.6298,1.0,0.9815,0.0,0
S024,锚点共生文明,城邦文明,灾厄位面,221,253.09,58.0123,1.0,0.984,0.0,0
S024,锚点共生文明,城邦文明,灾厄位面,231,280.25,67.8158,1.0,0.9861,0.0,0
S024,锚点共生文明,城邦文明,灾厄位面,241,278.99,79.2803,1.0,0.988,0.0,0
S024,锚点共生文明,城邦文明,灾厄位面,251,289.05,92.6867,1.0,0.9897,0.0,0
S024,锚点共生文明,城邦文明,灾厄位面,261,289.71,108.3637,1.0,0.9911,0.0,0
S024,锚点共生文明,城邦文明,灾厄位面,271,304.36,126.6951,1.0,0.9923,0.0,0
S024,锚点共生文明,城邦文明,灾厄位面,281,298.93,148.1301,1.0,0.9934,0.0,0
S024,锚点共生文明,城邦文明,灾厄位面,291,287.51,173.1939,1.0,0.9943,0.0,0
S024,锚点共生文明,城邦文明,灾厄位面,301,326.44,202.5005,1.0,0.9951,0.0,0
S024,锚点共生文明,城邦文明,灾厄位面,311,376.56,236.7678,1.0,0.9958,0.0,0
S024,锚点共生文明,城邦文明,灾厄位面,321,414.45,276.8354,1.0,0.9964,0.0,0
S024,锚点共生文明,城邦文明,灾厄位面,331,452.63,323.6848,1.0,0.9969,0.0,0
S024,锚点共生文明,城邦文明,灾厄位面,341,437.36,378.4638,1.0,0.9974,0.0,0
S024,锚点共生文明,城邦文明,灾厄位面,351,448.72,442.5142,1.0,0.9977,0.0,0
S024,锚点共生文明,城邦文明,灾厄位面,361,442.98,517.4054,1.0,0.9981,0.0,0
S024,锚点共生文明,城邦文明,灾厄位面,371,431.02,604.9718,1.0,0.9983,0.0,0
S024,锚点共生文明,城邦文明,灾厄位面,381,311.74,702.5737,0.9811,0.6463,0.0,0
S024,锚点共生文明,城邦文明,灾厄位面,391,195.53,811.6981,0.9472,0.6377,0.0,0
S024,锚点共生文明,城邦文明,灾厄位面,401,108.34,937.3807,0.833,0.6082,0.0,0
S024,锚点共生文明,城邦文明,灾厄位面,411,58.4,1079.2012,0.6998,0.5754,0.0,0
S024,锚点共生文明,城邦文明,灾厄位面,421,34.91,1236.7703,0.6396,0.5615,0.0,0
S024,锚点共生文明,城邦文明,灾厄位面,431,21.54,1411.0391,0.6023,0.549,0.0,0
S024,锚点共生文明,城邦文明,灾厄位面,441,12.06,1602.4339,0.4957,0.5269,0.0,0
S024,锚点共生文明,城邦文明,灾厄位面,451,7.14,1809.2556,0.4283,0.5064,0.0,0
S024,锚点共生文明,城邦文明,灾厄位面,461,4.27,2030.6523,0.3693,0.4918,0.0,0
S024,锚点共生文明,城邦文明,灾厄位面,471,2.46,2265.7971,0.2841,0.4736,0.0,0
S024,锚点共生文明,城邦文明,灾厄位面,481,1.48,2512.1985,0.2264,0.4583,0.0,0
S024,锚点共生文明,城邦文明,灾厄位面,491,0.0,2716.2589,0.1778,0.4446,0.0,0
S025,锚点共生文明,大陆文明,贫瘠位面,1,1025.79,6.0223,0.709,0.5319,0.0,0
S025,锚点共生文明,大陆文明,贫瘠位面,11,1266.54,6.3264,1.0,0.9106,0.0,0
S025,锚点共生文明,大陆文明,贫瘠位面,21,1580.06,6.7886,1.0,0.9149,0.0,0
S025,锚点共生文明,大陆文明,贫瘠位面,31,1770.98,7.4193,1.0,0.9192,0.0,0
S025,锚点共生文明,大陆文明,贫瘠位面,41,1960.66,8.2335,1.0,0.9241,0.0,0
S025,锚点共生文明,大陆文明,贫瘠位面,51,2056.46,9.2506,1.0,0.9295,0.0,0
S025,锚点共生文明,大陆文明,贫瘠位面,61,2182.12,10.4952,1.0,0.9351,0.0,0
S025,锚点共生文明,大陆文明,贫瘠位面,71,2297.43,11.9974,1.0,0.9408,0.0,0
S025,锚点共生文明,大陆文明,贫瘠位面,81,2542.55,13.794,1.0,0.9464,0.0,0
S025,锚点共生文明,大陆文明,贫瘠位面,91,2474.41,15.9288,1.0,0.9519,0.0,0
S025,锚点共生文明,大陆文明,贫瘠位面,101,2672.62,18.4539,1.0,0.957,0.0,0
S025,锚点共生文明,大陆文明,贫瘠位面,111,2854.48,21.4312,1.0,0.9619,0.0,0
S025,锚点共生文明,大陆文明,贫瘠位面,121,3049.88,24.9336,1.0,0.9663,0.0,0
S025,锚点共生文明,大陆文明,贫瘠位面,131,3105.85,29.0469,1.0,0.9704,0.0,0
S025,锚点共生文明,大陆文明,贫瘠位面,141,3197.33,33.8717,1.0,0.974,0.0,0
S025,锚点共生文明,大陆文明,贫瘠位面,151,3250.46,39.5262,1.0,0.9773,0.0,0
S025,锚点共生文明,大陆文明,贫瘠位面,161,3212.24,46.1491,1.0,0.9803,0.0,0
S025,锚点共生文明,大陆文明,贫瘠位面,171,3331.16,53.9024,1.0,0.9829,0.0,0
S025,锚点共生文明,大陆文明,贫瘠位面,181,3258.34,62.9763,1.0,0.9851,0.0,0
S025,锚点共生文明,大陆文明,贫瘠位面,191,3508.23,73.5929,1.0,0.9872,0.0,0
S025,锚点共生文明,大陆文明,贫瘠位面,201,3479.43,86.0123,1.0,0.9889,0.0,0
S025,锚点共生文明,大陆文明,贫瘠位面,211,3640.92,100.5388,1.0,0.9904,0.0,0
S025,锚点共生文明,大陆文明,贫瘠位面,221,3715.51,117.5283,1.0,0.9918,0.0,0
S025,锚点共生文明,大陆文明,贫瘠位面,231,3754.73,137.397,1.0,0.9929,0.0,0
S025,锚点共生文明,大陆文明,贫瘠位面,241,3825.84,160.6316,1.0,0.9939,0.0,0
S025,锚点共生文明,大陆文明,贫瘠位面,251,3735.52,187.8013,1.0,0.9948,0.0,0
S025,锚点共生文明,大陆文明,贫瘠位面,261,3846.11,219.5717,1.0,0.9955,0.0,0
S025,锚点共生文明,大陆文明,贫瘠位面,271,3936.45,256.7212,1.0,0.9961,0.0,0
S025,锚点共生文明,大陆文明,贫瘠位面,281,3929.16,300.1598,1.0,0.9967,0.0,0
S025,锚点共生文明,大陆文明,贫瘠位面,291,4050.56,350.9517,1.0,0.9972,0.0,0
S025,锚点共生文明,大陆文明,贫瘠位面,301,3391.82,408.8846,0.9859,0.6528,0.0,0
S025,锚点共生文明,大陆文明,贫瘠位面,311,2400.65,472.3488,0.9887,0.6462,0.0,0
S025,锚点共生文明,大陆文明,贫瘠位面,321,1639.31,546.3137,1.0,0.648,0.0,0
S025,锚点共生文明,大陆文明,贫瘠位面,331,1191.89,632.5561,1.0,0.6484,0.0,0
S025,锚点共生文明,大陆文明,贫瘠位面,341,878.93,733.0199,1.0,0.6486,0.0,0
S025,锚点共生文明,大陆文明,贫瘠位面,351,648.14,849.9583,1.0,0.6488,0.0,0
S025,锚点共生文明,大陆文明,贫瘠位面,361,452.67,985.9093,1.0,0.6487,0.0,0
S025,锚点共生文明,大陆文明,贫瘠位面,371,317.52,1143.847,1.0,0.6491,0.0,0
S025,锚点共生文明,大陆文明,贫瘠位面,381,220.11,1327.4066,0.9904,0.6478,0.0,0
S025,锚点共生文明,大陆文明,贫瘠位面,391,157.29,1540.6701,1.0,0.6493,0.0,0
S025,锚点共生文明,大陆文明,贫瘠位面,401,103.92,1788.2391,0.994,0.647,0.0,0
S025,锚点共生文明,大陆文明,贫瘠位面,411,71.78,2075.6572,1.0,0.6494,0.0,0
S025,锚点共生文明,大陆文明,贫瘠位面,421,50.26,2409.5915,1.0,0.6496,0.0,0
S025,锚点共生文明,大陆文明,贫瘠位面,431,35.7,2797.5404,1.0,0.6496,0.0,0
S025,锚点共生文明,大陆文明,贫瘠位面,441,24.26,3248.0222,1.0,0.6489,0.0,0
S025,锚点共生文明,大陆文明,贫瘠位面,451,16.76,3771.2654,0.9761,0.646,0.0,0
S025,锚点共生文明,大陆文明,贫瘠位面,461,11.0,4377.7111,0.9727,0.6429,0.0,0
S025,锚点共生文明,大陆文明,贫瘠位面,471,7.89,5080.4805,1.0,0.6498,0.0,0
S025,锚点共生文明,大陆文明,贫瘠位面,481,5.53,5897.0223,1.0,0.6498,0.0,0
S025,锚点共生文明,大陆文明,贫瘠位面,491,3.62,6844.6769,0.9811,0.6439,0.0,0
S026,锚点共生文明,大陆文明,普通位面,1,995.16,6.0223,0.688,0.5288,0.0,0
S026,锚点共生文明,大陆文明,普通位面,11,1087.31,6.3241,0.9918,0.905,0.0,0
S026,锚点共生文明,大陆文明,普通位面,21,1308.36,6.7807,1.0,0.9149,0.0,0
S026,锚点共生文明,大陆文明,普通位面,31,1561.75,7.4058,1.0,0.9191,0.0,0
S026,锚点共生文明,大陆文明,普通位面,41,1949.03,8.2141,1.0,0.924,0.0,0
S026,锚点共生文明,大陆文明,普通位面,51,2143.04,9.2249,1.0,0.9293,0.0,0
S026,锚点共生文明,大陆文明,普通位面,61,2261.58,10.4625,1.0,0.9349,0.0,0
S026,锚点共生文明,大陆文明,普通位面,71,2615.12,11.957,1.0,0.9406,0.0,0
S026,锚点共生文明,大陆文明,普通位面,81,2922.87,13.7448,1.0,0.9463,0.0,0
S026,锚点共生文明,大陆文明,普通位面,91,3454.91,15.8697,1.0,0.9517,0.0,0
S026,锚点共生文明,大陆文明,普通位面,101,4017.78,18.3834,1.0,0.9569,0.0,0
S026,锚点共生文明,大陆文明,普通位面,111,4669.86,21.3477,1.0,0.9617,0.0,0
S026,锚点共生文明,大陆文明,普通位面,121,4877.14,24.8349,1.0,0.9662,0.0,0
S026,锚点共生文明,大陆文明,普通位面,131,5432.84,28.9306,1.0,0.9703,0.0,0
S026,锚点共生文明,大陆文明,普通位面,141,6054.14,33.735,1.0,0.9739,0.0,0
S026,锚点共生文明,大陆文明,普通位面,151,7084.93,39.3658,1.0,0.9773,0.0,0
S026,锚点共生文明,大陆文明,普通位面,161,7097.66,45.961,1.0,0.9802,0.0,0
S026,锚点共生文明,大陆文明,普通位面,171,6862.66,53.6821,1.0,0.9828,0.0,0
S026,锚点共生文明,大陆文明,普通位面,181,7524.98,62.7183,1.0,0.9851,0.0,0
S026,锚点共生文明,大陆文明,普通位面,191,7607.73,73.2909,1.0,0.9871,0.0,0
S026,锚点共生文明,大陆文明,普通位面,201,7201.83,85.6589,1.0,0.9889,0.0,0
S026,锚点共生文明,大陆文明,普通位面,211,7548.25,100.1254,1.0,0.9904,0.0,0
S026,锚点共生文明,大陆文明,普通位面,221,7485.91,117.0448,1.0,0.9917,0.0,0
S026,锚点共生文明,大陆文明,普通位面,231,7980.86,136.8314,1.0,0.9929,0.0,0
S026,锚点共生文明,大陆文明,普通位面,241,8244.33,159.9701,1.0,0.9939,0.0,0
S026,锚点共生文明,大陆文明,普通位面,251,8692.0,187.0278,1.0,0.9947,0.0,0
S026,锚点共生文明,大陆文明,普通位面,261,8822.97,218.6672,1.0,0.9955,0.0,0
S026,锚点共生文明,大陆文明,普通位面,271,8888.25,255.6635,1.0,0.9961,0.0,0
S026,锚点共生文明,大陆文明,普通位面,281,9825.57,298.9231,1.0,0.9967,0.0,0
S026,锚点共生文明,大陆文明,普通位面,291,10262.39,349.5056,1.0,0.9971,0.0,0
S026,锚点共生文明,大陆文明,普通位面,301,10020.08,408.6502,1.0,0.9976,0.0,0
S026,锚点共生文明,大陆文明,普通位面,311,9459.75,477.806,1.0,0.9979,0.0,0
S026,锚点共生文明,大陆文明,普通位面,321,9171.32,558.6669,1.0,0.9982,0.0,0
S026,锚点共生文明,大陆文明,普通位面,331,9739.96,653.2141,1.0,0.9985,0.0,0
S026,锚点共生文明,大陆文明,普通位面,341,9850.03,763.7636,1.0,0.9987,0.0,0
S026,锚点共生文明,大陆文明,普通位面,351,9346.46,893.0238,1.0,0.9989,0.0,0
S026,锚点共生文明,大陆文明,普通位面,361,10054.58,1044.1612,1.0,0.999,0.0,0
S026,锚点共生文明,大陆文明,普通位面,371,6983.12,1209.0943,1.0,0.6485,0.0,0
S026,锚点共生文明,大陆文明,普通位面,381,4412.29,1397.1469,0.9793,0.6451,0.0,0
S026,锚点共生文明,大陆文明,普通位面,391,3099.38,1616.3636,1.0,0.6493,0.0,0
S026,锚点共生文明,大陆文明,普通位面,401,2146.62,1871.9254,0.9885,0.6464,0.0,0
S026,锚点共生文明,大陆文明,普通位面,411,1547.22,2169.3579,1.0,0.6495,0.0,0
S026,锚点共生文明,大陆文明,普通位面,421,1073.29,2515.5319,0.9855,0.646,0.0,0
S026,锚点共生文明,大陆文明,普通位面,431,750.74,2917.7963,1.0,0.6495,0.0,0
S026,锚点共生文明,大陆文明,普通位面,441,518.01,3385.5515,0.9823,0.647,0.0,0
S026,锚点共生文明,大陆文明,普通位面,451,352.06,3928.852,0.9775,0.6439,0.0,0
S026,锚点共生文明,大陆文明,普通位面,461,245.53,4558.8568,0.9978,0.6488,0.0,0
S026,锚点共生文明,大陆文明,普通位面,471,156.94,5290.5486,0.96,0.6402,0.0,0
S026,锚点共生文明,大陆文明,普通位面,481,102.44,6135.0203,0.9631,0.6404,0.0,0
S026,锚点共生文明,大陆文明,普通位面,491,72.08,7113.0144,1.0,0.6496,0.0,0
S027,锚点共生文明,大陆文明,富饶位面,1,1024.48,6.0223,0.709,0.5319,0.0,0
S027,锚点共生文明,大陆文明,富饶位面,11,1119.74,6.323,1.0,0.9075,0.0,0
S027,锚点共生文明,大陆文明,富饶位面,21,1390.15,6.7784,1.0,0.9148,0.0,0
S027,锚点共生文明,大陆文明,富饶位面,31,1661.32,7.4022,1.0,0.9191,0.0,0
S027,锚点共生文明,大陆文明,富饶位面,41,1995.42,8.2092,1.0,0.924,0.0,0
S027,锚点共生文明,大陆文明,富饶位面,51,2450.81,9.2184,1.0,0.9293,0.0,0
S027,锚点共生文明,大陆文明,富饶位面,61,2973.61,10.4543,1.0,0.9349,0.0,0
S027,锚点共生文明,大陆文明,富饶位面,71,3411.64,11.947,1.0,0.9406,0.0,0
S027,锚点共生文明,大陆文明,富饶位面,81,4142.18,13.7328,1.0,0.9462,0.0,0
S027,锚点共生文明,大陆文明,富饶位面,91,5296.39,15.8552,1.0,0.9517,0.0,0
S027,锚点共生文明,大陆文明,富饶位面,101,6594.74,18.3663,1.0,0.9569,0.0,0
S027,锚点共生文明,大陆文明,富饶位面,111,7870.7,21.3274,1.0,0.9617,0.0,0
S027,锚点共生文明,大陆文明,富饶位面,121,9545.2,24.811,1.0,0.9662,0.0,0
S027,锚点共生文明,大陆文明,富饶位面,131,12273.33,28.9024,1.0,0.9702,0.0,0
S027,锚点共生文明,大陆文明,富饶位面,141,15157.44,33.7019,1.0,0.9739,0.0,0
S027,锚点共生文明,大陆文明,富饶位面,151,17438.09,39.327,1.0,0.9772,0.0,0
S027,锚点共生文明,大陆文明,富饶位面,161,19510.67,45.9155,1.0,0.9802,0.0,0
S027,锚点共生文明,大陆文明,富饶位面,171,20684.52,53.6288,1.0,0.9828,0.0,0
S027,锚点共生文明,大陆文明,富饶位面,181,21298.93,62.6559,1.0,0.9851,0.0,0
S027,锚点共生文明,大陆文明,富饶位面,191,20423.77,73.2179,1.0,0.9871,0.0,0
S027,锚点共生文明,大陆文明,富饶位面,201,21638.48,85.5735,1.0,0.9888,0.0,0
S027,锚点共生文明,大陆文明,富饶位面,211,21362.62,100.0255,1.0,0.9904,0.0,0
S027,锚点共生文明,大陆文明,富饶位面,221,22980.08,116.9279,1.0,0.9917,0.0,0
S027,锚点共生文明,大陆文明,富饶位面,231,23051.85,136.6948,1.0,0.9929,0.0,0
S027,锚点共生文明,大陆文明,富饶位面,241,23848.71,159.8103,1.0,0.9939,0.0,0
S027,锚点共生文明,大陆文明,富饶位面,251,25281.95,186.8409,1.0,0.9947,0.0,0
S027,锚点共生文明,大陆文明,富饶位面,261,27127.13,218.4487,1.0,0.9955,0.0,0
S027,锚点共生文明,大陆文明,富饶位面,271,29935.92,255.408,1.0,0.9961,0.0,0
S027,锚点共生文明,大陆文明,富饶位面,281,33098.88,298.6242,1.0,0.9967,0.0,0
S027,锚点共生文明,大陆文明,富饶位面,291,35594.68,349.1562,1.0,0.9971,0.0,0
S027,锚点共生文明,大陆文明,富饶位面,301,36782.22,408.2417,1.0,0.9976,0.0,0
S027,锚点共生文明,大陆文明,富饶位面,311,37986.53,477.3282,1.0,0.9979,0.0,0
S027,锚点共生文明,大陆文明,富饶位面,321,37800.75,558.1084,1.0,0.9982,0.0,0
S027,锚点共生文明,大陆文明,富饶位面,331,37698.02,652.561,1.0,0.9985,0.0,0
S027,锚点共生文明,大陆文明,富饶位面,341,40959.57,763.0,1.0,0.9923,0.45,0
S027,锚点共生文明,大陆文明,富饶位面,351,27423.77,887.055,0.9965,0.7983,1.0,0
S027,锚点共生文明,大陆文明,富饶位面,361,21615.71,1030.5144,1.0,0.799,1.0,0
S027,锚点共生文明,大陆文明,富饶位面,371,19685.69,1198.0419,0.9992,0.799,1.0,0
S027,锚点共生文明,大陆文明,富饶位面,381,18737.95,1393.5338,1.0,0.7993,1.0,0
S027,锚点共生文明,大陆文明,富饶位面,391,17611.22,1621.5556,1.0,0.7994,1.0,0
S027,锚点共生文明,大陆文明,富饶位面,401,17036.43,1887.4235,0.9972,0.799,1.0,0
S027,锚点共生文明,大陆文明,富饶位面,411,17749.02,2197.3022,1.0,0.7995,1.0,0
S027,锚点共生文明,大陆文明,富饶位面,421,16166.37,2556.3544,0.994,0.5045,1.0,0
S027,锚点共生文明,大陆文明,富饶位面,431,11921.47,2939.3259,0.964,0.4412,1.0,0
S027,锚点共生文明,大陆文明,富饶位面,441,8508.97,3380.4667,0.9106,0.4279,1.0,0
S027,锚点共生文明,大陆文明,富饶位面,451,6142.73,3885.2718,0.8653,0.4166,1.0,0
S027,锚点共生文明,大陆文明,富饶位面,461,4240.22,4458.4771,0.7879,0.3985,1.0,0
S027,锚点共生文明,大陆文明,富饶位面,471,3126.84,5103.2595,0.7579,0.3898,1.0,0
S027,锚点共生文明,大陆文明,富饶位面,481,1939.17,5822.4309,0.6043,0.3529,1.0,0
S027,锚点共生文明,大陆文明,富饶位面,491,1341.18,6608.8708,0.5284,0.3332,1.0,0
S028,锚点共生文明,大陆文明,灾厄位面,1,1015.74,6.0223,0.7004,0.5306,0.0,0
S028,锚点共生文明,大陆文明,灾厄位面,11,1013.35,6.3224,0.9392,0.8927,0.0,0
S028,锚点共生文明,大陆文明,灾厄位面,21,1086.0,6.7733,1.0,0.9148,0.0,0
S028,锚点共生文明,大陆文明,灾厄位面,31,1144.55,7.3926,1.0,0.919,0.0,0
S028,锚点共生文明,大陆文明,灾厄位面,41,1210.33,8.1948,1.0,0.9239,0.0,0
S028,锚点共生文明,大陆文明,灾厄位面,51,1336.73,9.199,1.0,0.9292,0.0,0
S028,锚点共生文明,大陆文明,灾厄位面,61,1323.1,10.4295,1.0,0.9348,0.0,0
S028,锚点共生文明,大陆文明,灾厄位面,71,1332.95,11.9161,1.0,0.9405,0.0,0
S028,锚点共生文明,大陆文明,灾厄位面,81,1454.25,13.695,1.0,0.9461,0.0,0
S028,锚点共生文明,大陆文明,灾厄位面,91,1531.97,15.8097,1.0,0.9516,0.0,0
S028,锚点共生文明,大陆文明,灾厄位面,101,1581.15,18.3119,1.0,0.9568,0.0,0
S028,锚点共生文明,大陆文明,灾厄位面,111,1771.48,21.2628,1.0,0.9616,0.0,0
S028,锚点共生文明,大陆文明,灾厄位面,121,1778.16,24.7346,1.0,0.9661,0.0,0
S028,锚点共生文明,大陆文明,灾厄位面,131,1770.47,28.8125,1.0,0.9702,0.0,0
S028,锚点共生文明,大陆文明,灾厄位面,141,2060.74,33.5961,1.0,0.9739,0.0,0
S028,锚点共生文明,大陆文明,灾厄位面,151,2441.36,39.2028,1.0,0.9772,0.0,0
S028,锚点共生文明,大陆文明,灾厄位面,161,2434.53,45.7698,1.0,0.9801,0.0,0
S028,锚点共生文明,大陆文明,灾厄位面,171,2535.6,53.4581,1.0,0.9827,0.0,0
S028,锚点共生文明,大陆文明,灾厄位面,181,2752.1,62.4559,1.0,0.985,0.0,0
S028,锚点共生文明,大陆文明,灾厄位面,191,3121.4,72.9838,1.0,0.9871,0.0,0
S028,锚点共生文明,大陆文明,灾厄位面,201,3260.49,85.2996,1.0,0.9888,0.0,0
S028,锚点共生文明,大陆文明,灾厄位面,211,3643.59,99.705,1.0,0.9904,0.0,0
S028,锚点共生文明,大陆文明,灾厄位面,221,3752.61,116.553,1.0,0.9917,0.0,0
S028,锚点共生文明,大陆文明,灾厄位面,231,4067.39,136.2562,1.0,0.9928,0.0,0
S028,锚点共生文明,大陆文明,灾厄位面,241,4233.88,159.2974,1.0,0.9939,0.0,0
S028,锚点共生文明,大陆文明,灾厄位面,251,3921.33,186.2411,1.0,0.9947,0.0,0
S028,锚点共生文明,大陆文明,灾厄位面,261,4204.32,217.7473,1.0,0.9955,0.0,0
S028,锚点共生文明,大陆文明,灾厄位面,271,4333.26,254.5878,1.0,0.9961,0.0,0
S028,锚点共生文明,大陆文明,灾厄位面,281,4157.23,297.6652,1.0,0.9967,0.0,0
S028,锚点共生文明,大陆文明,灾厄位面,291,4078.62,348.0347,1.0,0.9971,0.0,0
S028,锚点共生文明,大陆文明,灾厄位面,301,4175.51,406.9304,1.0,0.9975,0.0,0
S028,锚点共生文明,大陆文明,灾厄位面,311,4114.64,475.795,1.0,0.9979,0.0,0
S028,锚点共生文明,大陆文明,灾厄位面,321,4188.06,556.3156,1.0,0.9982,0.0,0
S028,锚点共生文明,大陆文明,灾厄位面,331,3484.01,648.6014,0.9882,0.658,0.0,0
S028,锚点共生文明,大陆文明,灾厄位面,341,1964.01,748.4174,0.8862,0.6218,0.0,0
S028,锚点共生文明,大陆文明,灾厄位面,351,1230.94,862.7224,0.8596,0.6148,0.0,0
S028,锚点共生文明,大陆文明,灾厄位面,361,707.97,992.8769,0.772,0.5933,0.0,0
S028,锚点共生文明,大陆文明,灾厄位面,371,401.72,1139.5357,0.675,0.5711,0.0,0
S028,锚点共生文明,大陆文明,灾厄位面,381,234.94,1301.9106,0.5994,0.5489,0.0,0
S028,锚点共生文明,大陆文明,灾厄位面,391,148.8,1480.5709,0.5799,0.5452,0.0,0
S028,锚点共生文明,大陆文明,灾厄位面,401,81.78,1676.1693,0.4603,0.5158,0.0,0
S028,锚点共生文明,大陆文明,灾厄位面,411,55.54,1887.8913,0.4913,0.5231,0.0,0
S028,锚点共生文明,大陆文明,灾厄位面,421,31.83,2118.0447,0.4017,0.502,0.0,0
S028,锚点共生文明,大陆文明,灾厄位面,431,18.5,2365.383,0.3221,0.4826,0.0,0
S028,锚点共生文明,大陆文明,灾厄位面,441,10.1,2625.5295,0.1977,0.4511,0.0,0
S028,锚点共生文明,大陆文明,灾厄位面,451,6.36,2894.762,0.1749,0.4429,0.0,0
S028,锚点共生文明,大陆文明,灾厄位面,461,4.0,3171.9892,0.1503,0.437,0.0,0
S028,锚点共生文明,大陆文明,灾厄位面,471,2.42,3456.4428,0.0978,0.4268,0.0,0
S028,锚点共生文明,大陆文明,灾厄位面,481,1.39,3744.6855,0.0102,0.4043,0.0,0
S028,锚点共生文明,大陆文明,灾厄位面,491,0.0,3888.1917,0.0003,0.4011,0.0,0
S029,锚点共生文明,星际文明,贫瘠位面,1,9811.6,10.0372,0.709,0.5464,0.0,0
S029,锚点共生文明,星际文明,贫瘠位面,11,7339.85,10.5456,1.0,0.9344,0.0,0
S029,锚点共生文明,星际文明,贫瘠位面,21,5947.9,11.3182,1.0,0.9385,0.0,0
S029,锚点共生文明,星际文明,贫瘠位面,31,4285.39,12.3733,1.0,0.9422,0.0,0
S029,锚点共生文明,星际文明,贫瘠位面,41,3583.71,13.7358,1.0,0.9463,0.0,0
S029,锚点共生文明,星际文明,贫瘠位面,51,3210.56,15.4383,1.0,0.9508,0.0,0
S029,锚点共生文明,星际文明,贫瘠位面,61,3190.0,17.5218,1.0,0.9553,0.0,0
S029,锚点共生文明,星际文明,贫瘠位面,71,3222.57,20.037,1.0,0.9598,0.0,0
S029,锚点共生文明,星际文明,贫瘠位面,81,3254.41,23.0451,1.0,0.9641,0.0,0
S029,锚点共生文明,星际文明,贫瘠位面,91,3086.79,26.6193,1.0,0.9681,0.0,0
S029,锚点共生文明,星际文明,贫瘠位面,101,3130.6,30.8472,1.0,0.9719,0.0,0
S029,锚点共生文明,星际文明,贫瘠位面,111,3215.12,35.832,1.0,0.9753,0.0,0
S029,锚点共生文明,星际文明,贫瘠位面,121,3166.81,41.6956,1.0,0.9784,0.0,0
S029,锚点共生文明,星际文明,贫瘠位面,131,3324.27,48.5815,1.0,0.9812,0.0,0
S029,锚点共生文明,星际文明,贫瘠位面,141,3388.06,56.6584,1.0,0.9836,0.0,0
S029,锚点共生文明,星际文明,贫瘠位面,151,3460.9,66.1239,1.0,0.9858,0.0,0
S029,锚点共生文明,星际文明,贫瘠位面,161,3523.82,77.2099,1.0,0.9877,0.0,0
S029,锚点共生文明,星际文明,贫瘠位面,171,3587.08,90.1879,1.0,0.9894,0.0,0
S029,锚点共生文明,星际文明,贫瘠位面,181,3658.57,105.3757,1.0,0.9908,0.0,0
S029,锚点共生文明,星际文明,贫瘠位面,191,3609.87,123.1453,1.0,0.9921,0.0,0
S029,锚点共生文明,星际文明,贫瘠位面,201,3802.76,143.932,1.0,0.9932,0.0,0
S029,锚点共生文明,星际文明,贫瘠位面,211,3710.39,168.245,1.0,0.9942,0.0,0
S029,锚点共生文明,星际文明,贫瘠位面,221,3898.42,196.6799,1.0,0.995,0.0,0
S029,锚点共生文明,星际文明,贫瘠位面,231,3837.0,229.9332,1.0,0.9957,0.0,0
S029,锚点共生文明,星际文明,贫瘠位面,241,3858.68,268.8195,1.0,0.9963,0.0,0
S029,锚点共生文明,星际文明,贫瘠位面,251,4017.53,314.2915,1.0,0.9968,0.0,0
S029,锚点共生文明,星际文明,贫瘠位面,261,4172.26,367.4631,1.0,0.9973,0.0,0
S029,锚点共生文明,星际文明,贫瘠位面,271,4263.85,429.6369,1.0,0.9977,0.0,0
S029,锚点共生文明,星际文明,贫瘠位面,281,3555.54,500.9852,0.9812,0.6589,0.0,0
S029,锚点共生文明,星际文明,贫瘠位面,291,2378.41,578.607,0.9897,0.6445,0.0,0
S029,锚点共生文明,星际文明,贫瘠位面,301,1677.0,668.9901,1.0,0.6485,0.0,0
S029,锚点共生文明,星际文明,贫瘠位面,311,1236.66,774.4475,1.0,0.6487,0.0,0
S029,锚点共生文明,星际文明,贫瘠位面,321,861.14,897.2853,0.9994,0.6478,0.0,0
S029,锚点共生文明,星际文明,贫瘠位面,331,635.03,1040.2471,1.0,0.649,0.0,0
S029,锚点共生文明,星际文明,贫瘠位面,341,468.29,1206.5914,1.0,0.6492,0.0,0
S029,锚点共生文明,星际文明,贫瘠位面,351,327.21,1399.996,0.9983,0.6484,0.0,0
S029,锚点共生文明,星际文明,贫瘠位面,361,234.69,1624.7502,1.0,0.6494,0.0,0
S029,锚点共生文明,星际文明,贫瘠位面,371,170.02,1886.0006,1.0,0.6495,0.0,0
S029,锚点共生文明,星际文明,贫瘠位面,381,119.13,2189.528,0.9907,0.6464,0.0,0
S029,锚点共生文明,星际文明,贫瘠位面,391,85.71,2541.95,1.0,0.6496,0.0,0
S029,锚点共生文明,星际文明,贫瘠位面,401,61.72,2951.4628,1.0,0.6496,0.0,0
S029,锚点共生文明,星际文明,贫瘠位面,411,43.35,3427.11,0.9923,0.6469,0.0,0
S029,锚点共生文明,星际文明,贫瘠位面,421,30.41,3978.9132,1.0,0.6497,0.0,0
S029,锚点共生文明,星际文明,贫瘠位面,431,20.82,4619.5968,0.9921,0.6465,0.0,0
S029,锚点共生文明,星际文明,贫瘠位面,441,14.11,5363.0147,0.9971,0.6486,0.0,0
S029,锚点共生文明,星际文明,贫瘠位面,451,10.06,6226.7634,0.9934,0.6488,0.0,0
S029,锚点共生文明,星际文明,贫瘠位面,461,6.7,7228.5373,0.991,0.6473,0.0,0
S029,锚点共生文明,星际文明,贫瘠位面,471,4.87,8391.6825,1.0,0.6499,0.0,0
S029,锚点共生文明,星际文明,贫瘠位面,481,3.42,9742.8415,1.0,0.6488,0.0,0
S029,锚点共生文明,星际文明,贫瘠位面,491,2.42,11311.8417,0.9983,0.6485,0.0,0
S030,锚点共生文明,星际文明,普通位面,1,10010.75,10.0372,0.709,0.5464,0.0,0
S030,锚点共生文明,星际文明,普通位面,11,9127.18,10.5466,1.0,0.9335,0.0,0
S030,锚点共生文明,星际文明,普通位面,21,8574.2,11.3194,1.0,0.9385,0.0,0
S030,锚点共生文明,星际文明,普通位面,31,8942.31,12.3747,1.0,0.9422,0.0,0
S030,锚点共生文明,星际文明,普通位面,41,8881.25,13.7375,1.0,0.9463,0.0,0
S030,锚点共生文明,星际文明,普通位面,51,9266.97,15.4402,1.0,0.9508,0.0,0
S030,锚点共生文明,星际文明,普通位面,61,9674.74,17.5241,1.0,0.9553,0.0,0
S030,锚点共生文明,星际文明,普通位面,71,9215.06,20.0397,1.0,0.9598,0.0,0
S030,锚点共生文明,星际文明,普通位面,81,10094.78,23.0482,1.0,0.9641,0.0,0
S030,锚点共生文明,星际文明,普通位面,91,9444.36,26.623,1.0,0.9681,0.0,0
S030,锚点共生文明,星际文明,普通位面,101,9529.59,30.8515,1.0,0.9719,0.0,0
S030,锚点共生文明,星际文明,普通位面,111,9989.31,35.8369,1.0,0.9753,0.0,0
S030,锚点共生文明,星际文明,普通位面,121,10598.24,41.7014,1.0,0.9784,0.0,0
S030,锚点共生文明,星际文明,普通位面,131,10746.2,48.5884,1.0,0.9812,0.0,0
S030,锚点共生文明,星际文明,普通位面,141,11284.35,56.6664,1.0,0.9836,0.0,0
S030,锚点共生文明,星际文明,普通位面,151,11180.39,66.1333,1.0,0.9858,0.0,0
S030,锚点共生文明,星际文明,普通位面,161,11543.18,77.2209,1.0,0.9877,0.0,0
S030,锚点共生文明,星际文明,普通位面,171,11269.41,90.2007,1.0,0.9894,0.0,0
S030,锚点共生文明,星际文明,普通位面,181,11658.46,105.3906,1.0,0.9908,0.0,0
S030,锚点共生文明,星际文明,普通位面,191,12041.12,123.1628,1.0,0.9921,0.0,0
S030,锚点共生文明,星际文明,普通位面,201,11299.49,143.9524,1.0,0.9932,0.0,0
S030,锚点共生文明,星际文明,普通位面,211,12473.9,168.2689,1.0,0.9942,0.0,0
S030,锚点共生文明,星际文明,普通位面,221,12411.36,196.7078,1.0,0.995,0.0,0
S030,锚点共生文明,星际文明,普通位面,231,13133.0,229.9658,1.0,0.9957,0.0,0
S030,锚点共生文明,星际文明,普通位面,241,13327.97,268.8577,1.0,0.9963,0.0,0
S030,锚点共生文明,星际文明,普通位面,251,12993.95,314.3362,1.0,0.9968,0.0,0
S030,锚点共生文明,星际文明,普通位面,261,13885.13,367.5153,1.0,0.9973,0.0,0
S030,锚点共生文明,星际文明,普通位面,271,13535.12,429.6979,1.0,0.9977,0.0,0
S030,锚点共生文明,星际文明,普通位面,281,13512.44,502.4073,1.0,0.998,0.0,0
S030,锚点共生文明,星际文明,普通位面,291,13959.46,587.4247,1.0,0.9983,0.0,0
S030,锚点共生文明,星际文明,普通位面,301,14149.51,686.8329,1.0,0.9985,0.0,0
S030,锚点共生文明,星际文明,普通位面,311,14017.86,803.0671,1.0,0.9987,0.0,0
S030,锚点共生文明,星际文明,普通位面,321,14904.78,938.9748,1.0,0.9989,0.0,0
S030,锚点共生文明,星际文明,普通位面,331,15304.85,1097.8854,1.0,0.9991,0.0,0
S030,锚点共生文明,星际文明,普通位面,341,12159.13,1278.6201,1.0,0.6546,0.0,0
S030,锚点共生文明,星际文明,普通位面,351,6982.89,1476.3877,0.9122,0.6306,0.0,0
S030,锚点共生文明,星际文明,普通位面,361,4556.64,1703.8823,0.9148,0.6271,0.0,0
S030,锚点共生文明,星际文明,普通位面,371,3079.18,1966.7727,0.9427,0.6343,0.0,0
S030,锚点共生文明,星际文明,普通位面,381,2111.02,2271.2354,0.9806,0.6432,0.0,0
S030,锚点共生文明,星际文明,普通位面,391,1398.0,2625.5502,0.9862,0.6448,0.0,0
S030,锚点共生文明,星际文明,普通位面,401,897.61,3036.6701,0.9772,0.6425,0.0,0
S030,锚点共生文明,星际文明,普通位面,411,590.4,3512.8689,0.9856,0.6446,0.0,0
S030,锚点共生文明,星际文明,普通位面,421,371.22,4066.1141,0.9583,0.6404,0.0,0
S030,锚点共生文明,星际文明,普通位面,431,241.32,4705.8006,0.9586,0.6381,0.0,0
S030,锚点共生文明,星际文明,普通位面,441,162.2,5447.5401,0.9824,0.6445,0.0,0
S030,锚点共生文明,星际文明,普通位面,451,112.96,6310.65,1.0,0.6491,0.0,0
S030,锚点共生文明,星际文明,普通位面,461,77.8,7314.7835,1.0,0.6497,0.0,0
S030,锚点共生文明,星际文明,普通位面,471,55.57,8482.8307,1.0,0.6498,0.0,0
S030,锚点共生文明,星际文明,普通位面,481,35.16,9838.9522,0.9718,0.6426,0.0,0
S030,锚点共生文明,星际文明,普通位面,491,25.93,11412.9028,1.0,0.6499,0.0,0
S031,锚点共生文明,星际文明,富饶位面,1,10262.27,10.0372,0.709,0.5464,0.0,0
S031,锚点共生文明,星际文明,富饶位面,11,12868.0,10.5487,1.0,0.9348,0.0,0
S031,锚点共生文明,星际文明,富饶位面,21,13905.99,11.3263,1.0,0.9385,0.0,0
S031,锚点共生文明,星际文明,富饶位面,31,16394.44,12.3866,1.0,0.9422,0.0,0
S031,锚点共生文明,星际文明,富饶位面,41,16458.36,13.7546,1.0,0.9464,0.0,0
S031,锚点共生文明,星际文明,富饶位面,51,17370.35,15.463,1.0,0.9508,0.0,0
S031,锚点共生文明,星际文明,富饶位面,61,17507.77,17.553,1.0,0.9554,0.0,0
S031,锚点共生文明,星际文明,富饶位面,71,16965.36,20.0754,1.0,0.9598,0.0,0
S031,锚点共生文明,星际文明,富饶位面,81,18781.92,23.0916,1.0,0.9641,0.0,0
S031,锚点共生文明,星际文明,富饶位面,91,18085.74,26.6752,1.0,0.9682,0.0,0
S031,锚点共生文明,星际文明,富饶位面,101,18316.32,30.9138,1.0,0.9719,0.0,0
S031,锚点共生文明,星际文明,富饶位面,111,18893.37,35.9108,1.0,0.9753,0.0,0
S031,锚点共生文明,星际文明,富饶位面,121,19937.32,41.7886,1.0,0.9784,0.0,0
S031,锚点共生文明,星际文明,富饶位面,131,19903.5,48.6911,1.0,0.9812,0.0,0
S031,锚点共生文明,星际文明,富饶位面,141,21932.96,56.7871,1.0,0.9837,0.0,0
S031,锚点共生文明,星际文明,富饶位面,151,20757.94,66.275,1.0,0.9858,0.0,0
S031,锚点共生文明,星际文明,富饶位面,161,20742.16,77.387,1.0,0.9877,0.0,0
S031,锚点共生文明,星际文明,富饶位面,171,22408.62,90.3953,1.0,0.9894,0.0,0
S031,锚点共生文明,星际文明,富饶位面,181,24022.3,105.6185,1.0,0.9909,0.0,0
S031,锚点共生文明,星际文明,富饶位面,191,25837.85,123.4295,1.0,0.9921,0.0,0
S031,锚点共生文明,星际文明,富饶位面,201,26080.26,144.2646,1.0,0.9932,0.0,0
S031,锚点共生文明,星际文明,富饶位面,211,27115.01,168.6341,1.0,0.9942,0.0,0
S031,锚点共生文明,星际文明,富饶位面,221,27928.02,197.135,1.0,0.995,0.0,0
S031,锚点共生文明,星际文明,富饶位面,231,28461.19,230.4655,1.0,0.9957,0.0,0
S031,锚点共生文明,星际文明,富饶位面,241,28288.9,269.442,1.0,0.9963,0.0,0
S031,锚点共生文明,星际文明,富饶位面,251,29822.45,315.0195,1.0,0.9968,0.0,0
S031,锚点共生文明,星际文明,富饶位面,261,32936.53,368.3143,1.0,0.9973,0.0,0
S031,锚点共生文明,星际文明,富饶位面,271,33348.82,430.6323,1.0,0.9977,0.0,0
S031,锚点共生文明,星际文明,富饶位面,281,35233.27,503.4999,1.0,0.998,0.0,0
S031,锚点共生文明,星际文明,富饶位面,291,37454.44,588.7022,1.0,0.9983,0.0,0
S031,锚点共生文明,星际文明,富饶位面,301,39513.32,688.3266,1.0,0.9985,0.0,0
S031,锚点共生文明,星际文明,富饶位面,311,39474.98,804.8137,1.0,0.9988,0.0,0
S031,锚点共生文明,星际文明,富饶位面,321,38925.59,940.8774,1.0,0.8652,1.0,0
S031,锚点共生文明,星际文明,富饶位面,331,31839.3,1092.7246,1.0,0.7991,1.0,0
S031,锚点共生文明,星际文明,富饶位面,341,23863.22,1269.6904,1.0,0.7992,1.0,0
S031,锚点共生文明,星际文明,富饶位面,351,21716.96,1476.3054,1.0,0.7993,1.0,0
S031,锚点共生文明,星际文明,富饶位面,361,19682.26,1717.3862,1.0,0.7994,1.0,0
S031,锚点共生文明,星际文明,富饶位面,371,19158.75,1998.5537,1.0,0.7995,1.0,0
S031,锚点共生文明,星际文明,富饶位面,381,18303.07,2326.3649,1.0,0.7996,1.0,0
S031,锚点共生文明,星际文明,富饶位面,391,17202.26,2708.4652,1.0,0.7996,1.0,0
S031,锚点共生文明,星际文明,富饶位面,401,12685.36,3119.3519,0.97,0.4427,1.0,0
S031,锚点共生文明,星际文明,富饶位面,411,8467.91,3586.4739,0.8688,0.4187,1.0,0
S031,锚点共生文明,星际文明,富饶位面,421,5976.35,4116.2503,0.8075,0.4021,1.0,0
S031,锚点共生文明,星际文明,富饶位面,431,4339.74,4713.7597,0.7664,0.3923,1.0,0
S031,锚点共生文明,星际文明,富饶位面,441,2913.1,5382.8774,0.6693,0.3683,1.0,0
S031,锚点共生文明,星际文明,富饶位面,451,1924.1,6119.4018,0.5607,0.3405,1.0,0
S031,锚点共生文明,星际文明,富饶位面,461,1418.88,6921.6641,0.5307,0.333,1.0,0
S031,锚点共生文明,星际文明,富饶位面,471,1006.88,7793.7445,0.4733,0.3187,1.0,0
S031,锚点共生文明,星际文明,富饶位面,481,668.86,8728.9926,0.3687,0.2926,1.0,0
S031,锚点共生文明,星际文明,富饶位面,491,476.35,9720.3255,0.3136,0.2797,1.0,0
S032,锚点共生文明,星际文明,灾厄位面,1,9675.16,10.0372,0.7013,0.5453,0.0,0
S032,锚点共生文明,星际文明,灾厄位面,11,6396.42,10.5408,0.9465,0.9177,0.0,0
S032,锚点共生文明,星际文明,灾厄位面,21,5550.45,11.2966,1.0,0.9384,0.0,0
S032,锚点共生文明,星际文明,灾厄位面,31,5127.69,12.3349,1.0,0.9421,0.0,0
S032,锚点共生文明,星际文明,灾厄位面,41,4886.99,13.6796,1.0,0.9462,0.0,0
S032,锚点共生文明,星际文明,灾厄位面,51,4026.26,15.3631,1.0,0.9506,0.0,0
S032,锚点共生文明,星际文明,灾厄位面,61,3641.14,17.4258,1.0,0.9551,0.0,0
S032,锚点共生文明,星际文明,灾厄位面,71,3384.59,19.9178,1.0,0.9596,0.0,0
S032,锚点共生文明,星际文明,灾厄位面,81,3609.08,22.8999,1.0,0.9639,0.0,0
S032,锚点共生文明,星际文明,灾厄位面,91,3583.71,26.4446,1.0,0.9679,0.0,0
S032,锚点共生文明,星际文明,灾厄位面,101,3678.8,30.6387,1.0,0.9717,0.0,0
S032,锚点共生文明,星际文明,灾厄位面,111,3548.99,35.5846,1.0,0.9751,0.0,0
S032,锚点共生文明,星际文明,灾厄位面,121,3559.41,41.4033,1.0,0.9783,0.0,0
S032,锚点共生文明,星际文明,灾厄位面,131,3965.13,48.2372,1.0,0.981,0.0,0
S032,锚点共生文明,星际文明,灾厄位面,141,4094.87,56.2536,1.0,0.9835,0.0,0
S032,锚点共生文明,星际文明,灾厄位面,151,4173.58,65.6487,1.0,0.9857,0.0,0
S032,锚点共生文明,星际文明,灾厄位面,161,4140.21,76.6527,1.0,0.9876,0.0,0
S032,锚点共生文明,星际文明,灾厄位面,171,4065.73,89.535,1.0,0.9893,0.0,0
S032,锚点共生文明,星际文明,灾厄位面,181,3917.24,104.6112,1.0,0.9908,0.0,0
S032,锚点共生文明,星际文明,灾厄位面,191,4045.14,122.2505,1.0,0.9921,0.0,0
S032,锚点共生文明,星际文明,灾厄位面,201,4382.0,142.8849,1.0,0.9932,0.0,0
S032,锚点共生文明,星际文明,灾厄位面,211,4555.36,167.02,1.0,0.9941,0.0,0
S032,锚点共生文明,星际文明,灾厄位面,221,4591.83,195.2469,1.0,0.995,0.0,0
S032,锚点共生文明,星际文明,灾厄位面,231,4658.69,228.2572,1.0,0.9957,0.0,0
S032,锚点共生文明,星际文明,灾厄位面,241,4855.25,266.8595,1.0,0.9963,0.0,0
S032,锚点共生文明,星际文明,灾厄位面,251,4602.66,311.9994,1.0,0.9968,0.0,0
S032,锚点共生文明,星际文明,灾厄位面,261,4959.01,364.7827,1.0,0.9973,0.0,0
S032,锚点共生文明,星际文明,灾厄位面,271,4716.87,426.5026,1.0,0.9977,0.0,0
S032,锚点共生文明,星际文明,灾厄位面,281,4934.44,498.671,1.0,0.998,0.0,0
S032,锚点共生文明,星际文明,灾厄位面,291,4659.35,583.0559,1.0,0.9983,0.0,0
S032,锚点共生文明,星际文明,灾厄位面,301,4850.17,681.7244,1.0,0.9985,0.0,0
S032,锚点共生文明,星际文明,灾厄位面,311,5480.56,797.0939,1.0,0.9987,0.0,0
S032,锚点共生文明,星际文明,灾厄位面,321,3264.29,924.0264,0.9381,0.6364,0.0,0
S032,锚点共生文明,星际文明,灾厄位面,331,2095.38,1066.3152,0.9292,0.6303,0.0,0
S032,锚点共生文明,星际文明,灾厄位面,341,1310.68,1230.2925,0.9016,0.6238,0.0,0
S032,锚点共生文明,星际文明,灾厄位面,351,882.62,1419.3828,0.9264,0.6317,0.0,0
S032,锚点共生文明,星际文明,灾厄位面,361,526.69,1637.0716,0.8648,0.6172,0.0,0
S032,锚点共生文明,星际文明,灾厄位面,371,339.24,1886.4273,0.8575,0.615,0.0,0
S032,锚点共生文明,星际文明,灾厄位面,381,194.7,2170.3578,0.7678,0.5927,0.0,0
S032,锚点共生文明,星际文明,灾厄位面,391,124.28,2489.668,0.7543,0.5888,0.0,0
S032,锚点共生文明,星际文明,灾厄位面,401,68.97,2847.8233,0.6413,0.5611,0.0,0
S032,锚点共生文明,星际文明,灾厄位面,411,42.84,3244.8464,0.6086,0.552,0.0,0
S032,锚点共生文明,星际文明,灾厄位面,421,24.39,3681.9628,0.5139,0.5279,0.0,0
S032,锚点共生文明,星际文明,灾厄位面,431,13.49,4155.0312,0.3986,0.5017,0.0,0
S032,锚点共生文明,星际文明,灾厄位面,441,8.57,4660.7632,0.3822,0.4946,0.0,0
S032,锚点共生文明,星际文明,灾厄位面,451,4.74,5197.2676,0.2673,0.4689,0.0,0
S032,锚点共生文明,星际文明,灾厄位面,461,3.06,5759.1319,0.2633,0.4642,0.0,0
S032,锚点共生文明,星际文明,灾厄位面,471,1.83,6348.8252,0.2016,0.4534,0.0,0
S032,锚点共生文明,星际文明,灾厄位面,481,1.15,6963.2158,0.1784,0.4444,0.0,0
S032,锚点共生文明,星际文明,灾厄位面,491,0.0,7151.6231,0.1426,0.4377,0.0,0
